Date,Security_ID,TASE_Symbol,US_Ticker,Weight,US_Return
07/11/2025,1095264,CAMT,CAMT,5.54458,-0.009397067
07/11/2025,720011,ENLT,ENLT,5.87202,0.009970679
07/11/2025,1081124,ESLT,ESLT,4.61308,0.011003971
07/11/2025,281014,ICL,ICL,4.13484,0.02359336
07/11/2025,273011,NICE,NICE,3.60835,-0.018367506
07/11/2025,1084557,NVMI,NVMI,5.12143,-0.02047638
07/11/2025,1134402,ORA,ORA,5.42165,-0.011067482
07/11/2025,629014,TEVA,TEVA,6.32339,-0.020032698
07/11/2025,1082379,TSEM,TSEM,7.53044,-0.003319488
10/11/2025,1095264,CAMT,CAMT,5.54458,-0.066487623
10/11/2025,720011,ENLT,ENLT,5.87202,0.043844431
10/11/2025,1081124,ESLT,ESLT,4.61308,0.037731803
10/11/2025,281014,ICL,ICL,4.13484,0.01063833
10/11/2025,273011,NICE,NICE,3.60835,0.032180059
10/11/2025,1084557,NVMI,NVMI,5.12143,0.034201337
10/11/2025,1134402,ORA,ORA,5.42165,0.008723984
10/11/2025,629014,TEVA,TEVA,6.32339,0.012098495
10/11/2025,1082379,TSEM,TSEM,7.53044,0.166884725
11/11/2025,1095264,CAMT,CAMT,5.54458,-0.063848909
11/11/2025,720011,ENLT,ENLT,5.87202,0.015577122
11/11/2025,1081124,ESLT,ESLT,4.61308,-0.002488455
11/11/2025,281014,ICL,ICL,4.13484,-0.007017565
11/11/2025,273011,NICE,NICE,3.60835,-0.017346469
11/11/2025,1084557,NVMI,NVMI,5.12143,-0.028983594
11/11/2025,1134402,ORA,ORA,5.42165,-0.014588941
11/11/2025,629014,TEVA,TEVA,6.32339,0.035861456
11/11/2025,1082379,TSEM,TSEM,7.53044,0.017125386
12/11/2025,1095264,CAMT,CAMT,5.54458,-0.009990403
12/11/2025,720011,ENLT,ENLT,5.87202,0.083264888
12/11/2025,1081124,ESLT,ESLT,4.61308,-0.003937808
12/11/2025,281014,ICL,ICL,4.13484,-0.02826855
12/11/2025,273011,NICE,NICE,3.60835,-0.011927481
12/11/2025,1084557,NVMI,NVMI,5.12143,0.009614978
12/11/2025,1134402,ORA,ORA,5.42165,-0.013120599
12/11/2025,629014,TEVA,TEVA,6.32339,0.027855184
12/11/2025,1082379,TSEM,TSEM,7.53044,0.066546397
13/11/2025,1095264,CAMT,CAMT,5.54458,-0.033863749
13/11/2025,720011,ENLT,ENLT,5.87202,-0.0495575
13/11/2025,1081124,ESLT,ESLT,4.61308,-0.02388591
13/11/2025,281014,ICL,ICL,4.13484,-0.001818187
13/11/2025,273011,NICE,NICE,3.60835,0.062127744
13/11/2025,1084557,NVMI,NVMI,5.12143,-0.048130507
13/11/2025,1134402,ORA,ORA,5.42165,-0.030812102
13/11/2025,629014,TEVA,TEVA,6.32339,-0.011227217
13/11/2025,1082379,TSEM,TSEM,7.53044,-0.068878049
14/11/2025,1095264,CAMT,CAMT,5.54458,-0.03394594
14/11/2025,720011,ENLT,ENLT,5.87202,-0.003458395
14/11/2025,1081124,ESLT,ESLT,4.61308,0.003053495
14/11/2025,281014,ICL,ICL,4.13484,-0.00546441
14/11/2025,273011,NICE,NICE,3.60835,0.010607738
14/11/2025,1084557,NVMI,NVMI,5.12143,-0.022031357
14/11/2025,1134402,ORA,ORA,5.42165,0.006488026
14/11/2025,629014,TEVA,TEVA,6.32339,-0.005090096
14/11/2025,1082379,TSEM,TSEM,7.53044,0.001715671
17/11/2025,1095264,CAMT,CAMT,5.54458,-0.003222842
17/11/2025,720011,ENLT,ENLT,5.87202,0.009343361
17/11/2025,1081124,ESLT,ESLT,4.61308,0.063843765
17/11/2025,281014,ICL,ICL,4.13484,-0.009157536
17/11/2025,273011,NICE,NICE,3.60835,-0.093867175
17/11/2025,1084557,NVMI,NVMI,5.12143,-0.012159412
17/11/2025,1134402,ORA,ORA,5.42165,-0.007651821
17/11/2025,629014,TEVA,TEVA,6.32339,-0.032270748
17/11/2025,1082379,TSEM,TSEM,7.53044,-0.039189999
18/11/2025,1095264,CAMT,CAMT,5.54458,-0.011681218
18/11/2025,720011,ENLT,ENLT,5.87202,-0.008992334
18/11/2025,1081124,ESLT,ESLT,4.61308,0.001629449
18/11/2025,281014,ICL,ICL,4.13484,-0.003696869
18/11/2025,273011,NICE,NICE,3.60835,-0.12584808
18/11/2025,1084557,NVMI,NVMI,5.12143,-0.010984008
18/11/2025,1134402,ORA,ORA,5.42165,-0.000929031
18/11/2025,629014,TEVA,TEVA,6.32339,0.010166734
18/11/2025,1082379,TSEM,TSEM,7.53044,0.013631073
19/11/2025,1095264,CAMT,CAMT,5.54458,0.055719699
19/11/2025,720011,ENLT,ENLT,5.87202,-0.008273322
19/11/2025,1081124,ESLT,ESLT,4.61308,-0.045074923
19/11/2025,281014,ICL,ICL,4.13484,0.016697548
19/11/2025,273011,NICE,NICE,3.60835,-0.038050206
19/11/2025,1084557,NVMI,NVMI,5.12143,0.021506914
19/11/2025,1134402,ORA,ORA,5.42165,0.013390402
19/11/2025,629014,TEVA,TEVA,6.32339,-0.016103044
19/11/2025,1082379,TSEM,TSEM,7.53044,0.019240723
20/11/2025,1095264,CAMT,CAMT,5.54458,-0.054778122
20/11/2025,720011,ENLT,ENLT,5.87202,-0.061759908
20/11/2025,1081124,ESLT,ESLT,4.61308,-0.02684225
20/11/2025,281014,ICL,ICL,4.13484,-0.036496284
20/11/2025,273011,NICE,NICE,3.60835,-0.019974406
20/11/2025,1084557,NVMI,NVMI,5.12143,-0.048148316
20/11/2025,1134402,ORA,ORA,5.42165,-0.022114187
20/11/2025,629014,TEVA,TEVA,6.32339,-0.006546638
20/11/2025,1082379,TSEM,TSEM,7.53044,-0.070232399
21/11/2025,1095264,CAMT,CAMT,5.54458,-0.001692005
21/11/2025,720011,ENLT,ENLT,5.87202,0.021081221
21/11/2025,1081124,ESLT,ESLT,4.61308,0.011314848
21/11/2025,281014,ICL,ICL,4.13484,0.020833303
21/11/2025,273011,NICE,NICE,3.60835,0.055321307
21/11/2025,1084557,NVMI,NVMI,5.12143,0.016825059
21/11/2025,1134402,ORA,ORA,5.42165,0.018579405
21/11/2025,629014,TEVA,TEVA,6.32339,-0.002883097
21/11/2025,1082379,TSEM,TSEM,7.53044,0.022268321
24/11/2025,1095264,CAMT,CAMT,5.54458,0.071504236
24/11/2025,720011,ENLT,ENLT,5.87202,0.059269683
24/11/2025,1081124,ESLT,ESLT,4.61308,-0.00149882
24/11/2025,281014,ICL,ICL,4.13484,0.012987051
24/11/2025,273011,NICE,NICE,3.60835,0.002759023
24/11/2025,1084557,NVMI,NVMI,5.12143,0.062869886
24/11/2025,1134402,ORA,ORA,5.42165,0.027544897
24/11/2025,629014,TEVA,TEVA,6.32339,0.023130995
24/11/2025,1082379,TSEM,TSEM,7.53044,0.025627352
25/11/2025,1095264,CAMT,CAMT,5.54458,0.021749846
25/11/2025,720011,ENLT,ENLT,5.87202,0.019093112
25/11/2025,1081124,ESLT,ESLT,4.61308,-0.014439709
25/11/2025,281014,ICL,ICL,4.13484,0.014651969
25/11/2025,273011,NICE,NICE,3.60835,-0.018216301
25/11/2025,1084557,NVMI,NVMI,5.12143,0.01009901
25/11/2025,1134402,ORA,ORA,5.42165,0.015151535
25/11/2025,629014,TEVA,TEVA,6.32339,0.008881684
25/11/2025,1082379,TSEM,TSEM,7.53044,0.020301894
26/11/2025,1095264,CAMT,CAMT,5.54458,0.008805067
26/11/2025,720011,ENLT,ENLT,5.87202,0.023679413
26/11/2025,1081124,ESLT,ESLT,4.61308,0.007508003
26/11/2025,281014,ICL,ICL,4.13484,-0.005415092
26/11/2025,273011,NICE,NICE,3.60835,0.01691148
26/11/2025,1084557,NVMI,NVMI,5.12143,0.021955809
26/11/2025,1134402,ORA,ORA,5.42165,-0.00503404
26/11/2025,629014,TEVA,TEVA,6.32339,0.053221286
26/11/2025,1082379,TSEM,TSEM,7.53044,0.055714276
28/11/2025,1095264,CAMT,CAMT,5.54458,0.009975071
28/11/2025,720011,ENLT,ENLT,5.87202,0.017285214
28/11/2025,1081124,ESLT,ESLT,4.61308,0.000255509
28/11/2025,281014,ICL,ICL,4.13484,0.014519011
28/11/2025,273011,NICE,NICE,3.60835,0.007982479
28/11/2025,1084557,NVMI,NVMI,5.12143,0.016803662
28/11/2025,1134402,ORA,ORA,5.42165,0.00221912
28/11/2025,629014,TEVA,TEVA,6.32339,0.021656524
28/11/2025,1082379,TSEM,TSEM,7.53044,0.044944921
01/12/2025,1095264,CAMT,CAMT,5.54458,0.000949653
01/12/2025,720011,ENLT,ENLT,5.87202,-0.007995994
01/12/2025,1081124,ESLT,ESLT,4.61308,-0.031588575
01/12/2025,281014,ICL,ICL,4.13484,-0.003577828
01/12/2025,273011,NICE,NICE,3.60835,0.002262637
01/12/2025,1084557,NVMI,NVMI,5.12143,-0.022471547
01/12/2025,1134402,ORA,ORA,5.42165,-0.015587654
01/12/2025,629014,TEVA,TEVA,6.32339,-0.006322056
01/12/2025,1082379,TSEM,TSEM,7.53044,0.034686893
02/12/2025,1095264,CAMT,CAMT,5.54458,0.052182162
02/12/2025,720011,ENLT,ENLT,5.87202,0.029470986
02/12/2025,1081124,ESLT,ESLT,4.61308,0.023541022
02/12/2025,281014,ICL,ICL,4.13484,0.008976601
02/12/2025,273011,NICE,NICE,3.60835,0.015991013
02/12/2025,1084557,NVMI,NVMI,5.12143,0.035643027
02/12/2025,1134402,ORA,ORA,5.42165,-0.005038296
02/12/2025,629014,TEVA,TEVA,6.32339,0.005988018
02/12/2025,1082379,TSEM,TSEM,7.53044,0.041122818
03/12/2025,1095264,CAMT,CAMT,5.54458,0.054373298
03/12/2025,720011,ENLT,ENLT,5.87202,0.026180566
03/12/2025,1081124,ESLT,ESLT,4.61308,0.031503602
03/12/2025,281014,ICL,ICL,4.13484,-0.065836239
03/12/2025,273011,NICE,NICE,3.60835,-0.016572548
03/12/2025,1084557,NVMI,NVMI,5.12143,0.018471176
03/12/2025,1134402,ORA,ORA,5.42165,0.007866891
03/12/2025,629014,TEVA,TEVA,6.32339,0.035342291
03/12/2025,1082379,TSEM,TSEM,7.53044,-0.003863961
04/12/2025,1095264,CAMT,CAMT,5.54458,0.012657174
04/12/2025,720011,ENLT,ENLT,5.87202,-0.019313247
04/12/2025,1081124,ESLT,ESLT,4.61308,-0.000458005
04/12/2025,281014,ICL,ICL,4.13484,-0.013333372
04/12/2025,273011,NICE,NICE,3.60835,0.013650884
04/12/2025,1084557,NVMI,NVMI,5.12143,-0.006262367
04/12/2025,1134402,ORA,ORA,5.42165,0.007356925
04/12/2025,629014,TEVA,TEVA,6.32339,0.020840817
04/12/2025,1082379,TSEM,TSEM,7.53044,-0.008102771
05/12/2025,1095264,CAMT,CAMT,5.54458,-0.011316645
05/12/2025,720011,ENLT,ENLT,5.87202,0.003646917
05/12/2025,1081124,ESLT,ESLT,4.61308,0.009352073
05/12/2025,281014,ICL,ICL,4.13484,0.0
05/12/2025,273011,NICE,NICE,3.60835,-0.01365284
05/12/2025,1084557,NVMI,NVMI,5.12143,0.012198177
05/12/2025,1134402,ORA,ORA,5.42165,0.003206244
05/12/2025,629014,TEVA,TEVA,6.32339,0.001759917
05/12/2025,1082379,TSEM,TSEM,7.53044,-0.009211763
08/12/2025,1095264,CAMT,CAMT,5.54458,0.014521201
08/12/2025,720011,ENLT,ENLT,5.87202,-0.031734438
08/12/2025,1081124,ESLT,ESLT,4.61308,0.001320668
08/12/2025,281014,ICL,ICL,4.13484,-0.015443968
08/12/2025,273011,NICE,NICE,3.60835,-0.004519734
08/12/2025,1084557,NVMI,NVMI,5.12143,0.025797487
08/12/2025,1134402,ORA,ORA,5.42165,-0.020063912
08/12/2025,629014,TEVA,TEVA,6.32339,-0.004567785
08/12/2025,1082379,TSEM,TSEM,7.53044,0.037628286
09/12/2025,1095264,CAMT,CAMT,5.54458,0.003620446
09/12/2025,720011,ENLT,ENLT,5.87202,-0.010007543
09/12/2025,1081124,ESLT,ESLT,4.61308,0.032458126
09/12/2025,281014,ICL,ICL,4.13484,-0.01176474
09/12/2025,273011,NICE,NICE,3.60835,0.010310219
09/12/2025,1084557,NVMI,NVMI,5.12143,0.011477697
09/12/2025,1134402,ORA,ORA,5.42165,0.006885312
09/12/2025,629014,TEVA,TEVA,6.32339,0.008118586
09/12/2025,1082379,TSEM,TSEM,7.53044,0.04818256
10/12/2025,1095264,CAMT,CAMT,5.54458,0.016107432
10/12/2025,720011,ENLT,ENLT,5.87202,-0.00101089
10/12/2025,1081124,ESLT,ESLT,4.61308,-0.000518902
10/12/2025,281014,ICL,ICL,4.13484,-0.015872967
10/12/2025,273011,NICE,NICE,3.60835,0.011703024
10/12/2025,1084557,NVMI,NVMI,5.12143,-0.005376747
10/12/2025,1134402,ORA,ORA,5.42165,0.017725407
10/12/2025,629014,TEVA,TEVA,6.32339,0.04341736
10/12/2025,1082379,TSEM,TSEM,7.53044,0.020241953
11/12/2025,1095264,CAMT,CAMT,5.54458,-0.024025789
11/12/2025,720011,ENLT,ENLT,5.87202,0.022767558
11/12/2025,1081124,ESLT,ESLT,4.61308,0.01965126
11/12/2025,281014,ICL,ICL,4.13484,0.018145117
11/12/2025,273011,NICE,NICE,3.60835,0.007958547
11/12/2025,1084557,NVMI,NVMI,5.12143,0.002956786
11/12/2025,1134402,ORA,ORA,5.42165,0.016709366
11/12/2025,629014,TEVA,TEVA,6.32339,0.012751714
11/12/2025,1082379,TSEM,TSEM,7.53044,0.01920797
12/12/2025,1095264,CAMT,CAMT,5.54458,-0.052956621
12/12/2025,720011,ENLT,ENLT,5.87202,-0.040316623
12/12/2025,1081124,ESLT,ESLT,4.61308,0.009146671
12/12/2025,281014,ICL,ICL,4.13484,0.003960408
12/12/2025,273011,NICE,NICE,3.60835,0.002937933
12/12/2025,1084557,NVMI,NVMI,5.12143,-0.05949619
12/12/2025,1134402,ORA,ORA,5.42165,-0.01434779
12/12/2025,629014,TEVA,TEVA,6.32339,-0.012922445
12/12/2025,1082379,TSEM,TSEM,7.53044,-0.077555451
15/12/2025,1095264,CAMT,CAMT,5.54458,-0.023224641
15/12/2025,720011,ENLT,ENLT,5.87202,0.013659861
15/12/2025,1081124,ESLT,ESLT,4.61308,-0.003823484
15/12/2025,281014,ICL,ICL,4.13484,-0.017751437
15/12/2025,273011,NICE,NICE,3.60835,-0.030391796
15/12/2025,1084557,NVMI,NVMI,5.12143,0.026469149
15/12/2025,1134402,ORA,ORA,5.42165,0.001146907
15/12/2025,629014,TEVA,TEVA,6.32339,0.011413167
15/12/2025,1082379,TSEM,TSEM,7.53044,-0.005801265
16/12/2025,1095264,CAMT,CAMT,5.54458,0.017924089
16/12/2025,720011,ENLT,ENLT,5.87202,0.000254216
16/12/2025,1081124,ESLT,ESLT,4.61308,0.019112802
16/12/2025,281014,ICL,ICL,4.13484,-0.010040286
16/12/2025,273011,NICE,NICE,3.60835,0.007269678
16/12/2025,1084557,NVMI,NVMI,5.12143,-0.018476313
16/12/2025,1134402,ORA,ORA,5.42165,-0.020620411
16/12/2025,629014,TEVA,TEVA,6.32339,-0.000995645
16/12/2025,1082379,TSEM,TSEM,7.53044,-0.028668071
17/12/2025,1095264,CAMT,CAMT,5.54458,-0.073668108
17/12/2025,720011,ENLT,ENLT,5.87202,-0.010421958
17/12/2025,1081124,ESLT,ESLT,4.61308,0.030396752
17/12/2025,281014,ICL,ICL,4.13484,-0.010141921
17/12/2025,273011,NICE,NICE,3.60835,0.018183473
17/12/2025,1084557,NVMI,NVMI,5.12143,-0.054240846
17/12/2025,1134402,ORA,ORA,5.42165,-0.020694669
17/12/2025,629014,TEVA,TEVA,6.32339,-0.001328934
17/12/2025,1082379,TSEM,TSEM,7.53044,-0.019763227
18/12/2025,1095264,CAMT,CAMT,5.54458,-0.013577747
18/12/2025,720011,ENLT,ENLT,5.87202,0.057539118
18/12/2025,1081124,ESLT,ESLT,4.61308,0.004044701
18/12/2025,281014,ICL,ICL,4.13484,0.016393491
18/12/2025,273011,NICE,NICE,3.60835,0.001933159
18/12/2025,1084557,NVMI,NVMI,5.12143,0.039308809
18/12/2025,1134402,ORA,ORA,5.42165,0.013506109
18/12/2025,629014,TEVA,TEVA,6.32339,0.008649376
18/12/2025,1082379,TSEM,TSEM,7.53044,0.036415368
19/12/2025,1095264,CAMT,CAMT,5.54458,0.022908287
19/12/2025,720011,ENLT,ENLT,5.87202,0.015302431
19/12/2025,1081124,ESLT,ESLT,4.61308,0.024188855
19/12/2025,281014,ICL,ICL,4.13484,0.00403227
19/12/2025,273011,NICE,NICE,3.60835,0.001745704
19/12/2025,1084557,NVMI,NVMI,5.12143,0.032131172
19/12/2025,1134402,ORA,ORA,5.42165,0.004351385
19/12/2025,629014,TEVA,TEVA,6.32339,0.000989469
19/12/2025,1082379,TSEM,TSEM,7.53044,0.021167205
22/12/2025,1095264,CAMT,CAMT,5.54458,0.018646698
22/12/2025,720011,ENLT,ENLT,5.87202,0.039234436
22/12/2025,1081124,ESLT,ESLT,4.61308,0.035212268
22/12/2025,281014,ICL,ICL,4.13484,0.020080283
22/12/2025,273011,NICE,NICE,3.60835,0.015500344
22/12/2025,1084557,NVMI,NVMI,5.12143,0.030015807
22/12/2025,1134402,ORA,ORA,5.42165,0.012094912
22/12/2025,629014,TEVA,TEVA,6.32339,0.028336036
22/12/2025,1082379,TSEM,TSEM,7.53044,-0.006797626
23/12/2025,1095264,CAMT,CAMT,5.54458,0.026514413
23/12/2025,720011,ENLT,ENLT,5.87202,0.039364709
23/12/2025,1081124,ESLT,ESLT,4.61308,0.012408568
23/12/2025,281014,ICL,ICL,4.13484,0.019685002
23/12/2025,273011,NICE,NICE,3.60835,0.009393072
23/12/2025,1084557,NVMI,NVMI,5.12143,0.004300563
23/12/2025,1134402,ORA,ORA,5.42165,0.010791055
23/12/2025,629014,TEVA,TEVA,6.32339,0.010573593
23/12/2025,1082379,TSEM,TSEM,7.53044,0.023151651
24/12/2025,1095264,CAMT,CAMT,5.54458,0.003217193
24/12/2025,720011,ENLT,ENLT,5.87202,0.013289002
24/12/2025,1081124,ESLT,ESLT,4.61308,0.003551108
24/12/2025,281014,ICL,ICL,4.13484,0.032818537
24/12/2025,273011,NICE,NICE,3.60835,0.012705782
24/12/2025,1084557,NVMI,NVMI,5.12143,0.007156712
24/12/2025,1134402,ORA,ORA,5.42165,0.0094407
24/12/2025,629014,TEVA,TEVA,6.32339,0.006341118
24/12/2025,1082379,TSEM,TSEM,7.53044,0.011396523
26/12/2025,1095264,CAMT,CAMT,5.54458,-0.000824595
26/12/2025,720011,ENLT,ENLT,5.87202,-0.04000004
26/12/2025,1081124,ESLT,ESLT,4.61308,-0.0190153
26/12/2025,281014,ICL,ICL,4.13484,0.035514034
26/12/2025,273011,NICE,NICE,3.60835,-0.004329368
26/12/2025,1084557,NVMI,NVMI,5.12143,-0.016114595
26/12/2025,1134402,ORA,ORA,5.42165,-0.012848569
26/12/2025,629014,TEVA,TEVA,6.32339,0.004725886
26/12/2025,1082379,TSEM,TSEM,7.53044,-0.007022133
29/12/2025,1095264,CAMT,CAMT,5.54458,-0.010545635
29/12/2025,720011,ENLT,ENLT,5.87202,-0.007285968
29/12/2025,1081124,ESLT,ESLT,4.61308,0.011977036
29/12/2025,281014,ICL,ICL,4.13484,0.0
29/12/2025,273011,NICE,NICE,3.60835,0.00319461
29/12/2025,1084557,NVMI,NVMI,5.12143,0.009277096
29/12/2025,1134402,ORA,ORA,5.42165,-0.002833348
29/12/2025,629014,TEVA,TEVA,6.32339,-0.010348069
29/12/2025,1082379,TSEM,TSEM,7.53044,-0.004111504
30/12/2025,1095264,CAMT,CAMT,5.54458,0.00648746
30/12/2025,720011,ENLT,ENLT,5.87202,0.034174352
30/12/2025,1081124,ESLT,ESLT,4.61308,0.001851448
30/12/2025,281014,ICL,ICL,4.13484,0.0
30/12/2025,273011,NICE,NICE,3.60835,-0.000265426
30/12/2025,1084557,NVMI,NVMI,5.12143,0.006137963
30/12/2025,1134402,ORA,ORA,5.42165,-0.008346646
30/12/2025,629014,TEVA,TEVA,6.32339,-0.006970828
30/12/2025,1082379,TSEM,TSEM,7.53044,-0.003633081
31/12/2025,1095264,CAMT,CAMT,5.54458,-0.020718232
31/12/2025,720011,ENLT,ENLT,5.87202,0.008205787
31/12/2025,1081124,ESLT,ESLT,4.61308,-0.002227941
31/12/2025,281014,ICL,ICL,4.13484,0.030685924
31/12/2025,273011,NICE,NICE,3.60835,0.000176998
31/12/2025,1084557,NVMI,NVMI,5.12143,-0.022765128
31/12/2025,1134402,ORA,ORA,5.42165,-0.010834536
31/12/2025,629014,TEVA,TEVA,6.32339,-0.004148088
31/12/2025,1082379,TSEM,TSEM,7.53044,-0.026932958
02/01/2026,1095264,CAMT,CAMT,5.54458,0.086036687
02/01/2026,720011,ENLT,ENLT,5.87202,0.049054104
02/01/2026,1081124,ESLT,ESLT,4.61308,0.024666354
02/01/2026,281014,ICL,ICL,4.13484,0.014010465
02/01/2026,273011,NICE,NICE,3.60835,-0.009731055
02/01/2026,1084557,NVMI,NVMI,5.12143,0.057705718
02/01/2026,1134402,ORA,ORA,5.42165,0.029510277
02/01/2026,629014,TEVA,TEVA,6.32339,-0.00833061
02/01/2026,1082379,TSEM,TSEM,7.53044,0.036791005
05/01/2026,1095264,CAMT,CAMT,5.54458,0.072554089
05/01/2026,720011,ENLT,ENLT,5.87202,0.050115397
05/01/2026,1081124,ESLT,ESLT,4.61308,0.06125405
05/01/2026,281014,ICL,ICL,4.13484,-0.02590673
05/01/2026,273011,NICE,NICE,3.60835,0.033768078
05/01/2026,1084557,NVMI,NVMI,5.12143,0.102320519
05/01/2026,1134402,ORA,ORA,5.42165,0.008704791
05/01/2026,629014,TEVA,TEVA,6.32339,0.001615484
05/01/2026,1082379,TSEM,TSEM,7.53044,-0.020124832
06/01/2026,1095264,CAMT,CAMT,5.54458,0.076122058
06/01/2026,720011,ENLT,ENLT,5.87202,0.023861814
06/01/2026,1081124,ESLT,ESLT,4.61308,0.018862878
06/01/2026,281014,ICL,ICL,4.13484,-0.012411299
06/01/2026,273011,NICE,NICE,3.60835,0.017455899
06/01/2026,1084557,NVMI,NVMI,5.12143,0.022017323
06/01/2026,1134402,ORA,ORA,5.42165,0.015516086
06/01/2026,629014,TEVA,TEVA,6.32339,0.035806471
06/01/2026,1082379,TSEM,TSEM,7.53044,0.02506495
07/01/2026,1095264,CAMT,CAMT,5.54458,-0.006976166
07/01/2026,720011,ENLT,ENLT,5.87202,-0.033252107
07/01/2026,1081124,ESLT,ESLT,4.61308,0.027871898
07/01/2026,281014,ICL,ICL,4.13484,-0.005386012
07/01/2026,273011,NICE,NICE,3.60835,-0.004416483
07/01/2026,1084557,NVMI,NVMI,5.12143,-0.031458428
07/01/2026,1134402,ORA,ORA,5.42165,-0.000515039
07/01/2026,629014,TEVA,TEVA,6.32339,0.009031483
07/01/2026,1082379,TSEM,TSEM,7.53044,-0.000490657
08/01/2026,1095264,CAMT,CAMT,5.54458,-0.019564976
08/01/2026,720011,ENLT,ENLT,5.87202,0.015735299
08/01/2026,1081124,ESLT,ESLT,4.61308,0.02541386
08/01/2026,281014,ICL,ICL,4.13484,0.005415178
08/01/2026,273011,NICE,NICE,3.60835,0.002815235
08/01/2026,1084557,NVMI,NVMI,5.12143,-0.008469634
08/01/2026,1134402,ORA,ORA,5.42165,-0.020783252
08/01/2026,629014,TEVA,TEVA,6.32339,0.003394963
08/01/2026,1082379,TSEM,TSEM,7.53044,-0.040009813
09/01/2026,1095264,CAMT,CAMT,5.54458,0.014484976
09/01/2026,720011,ENLT,ENLT,5.87202,0.028202622
09/01/2026,1081124,ESLT,ESLT,4.61308,0.012940398
09/01/2026,281014,ICL,ICL,4.13484,0.003590675
09/01/2026,273011,NICE,NICE,3.60835,-0.004083397
09/01/2026,1084557,NVMI,NVMI,5.12143,0.048644185
09/01/2026,1134402,ORA,ORA,5.42165,0.011664598
09/01/2026,629014,TEVA,TEVA,6.32339,-0.015379884
09/01/2026,1082379,TSEM,TSEM,7.53044,0.023011991
12/01/2026,1095264,CAMT,CAMT,5.54458,0.046555821
12/01/2026,720011,ENLT,ENLT,5.87202,-0.005022255
12/01/2026,1081124,ESLT,ESLT,4.61308,0.049285872
12/01/2026,281014,ICL,ICL,4.13484,-0.035778194
12/01/2026,273011,NICE,NICE,3.60835,-0.004270949
12/01/2026,1084557,NVMI,NVMI,5.12143,0.024234242
12/01/2026,1134402,ORA,ORA,5.42165,0.032076315
12/01/2026,629014,TEVA,TEVA,6.32339,0.024367468
12/01/2026,1082379,TSEM,TSEM,7.53044,0.010580724
13/01/2026,1095264,CAMT,CAMT,5.54458,-0.008635721
13/01/2026,720011,ENLT,ENLT,5.87202,0.019607885
13/01/2026,1081124,ESLT,ESLT,4.61308,-0.024461646
13/01/2026,281014,ICL,ICL,4.13484,0.003710586
13/01/2026,273011,NICE,NICE,3.60835,-0.004289268
13/01/2026,1084557,NVMI,NVMI,5.12143,0.002551902
13/01/2026,1134402,ORA,ORA,5.42165,0.011759742
13/01/2026,629014,TEVA,TEVA,6.32339,-0.009759063
13/01/2026,1082379,TSEM,TSEM,7.53044,0.028689164
14/01/2026,1095264,CAMT,CAMT,5.54458,-0.027011218
14/01/2026,720011,ENLT,ENLT,5.87202,-0.039223179
14/01/2026,1081124,ESLT,ESLT,4.61308,0.030150146
14/01/2026,281014,ICL,ICL,4.13484,0.018484343
14/01/2026,273011,NICE,NICE,3.60835,-0.008787772
14/01/2026,1084557,NVMI,NVMI,5.12143,0.020734004
14/01/2026,1134402,ORA,ORA,5.42165,-0.00606054
14/01/2026,629014,TEVA,TEVA,6.32339,0.005235546
14/01/2026,1082379,TSEM,TSEM,7.53044,-0.0126623
15/01/2026,1095264,CAMT,CAMT,5.54458,0.086217325
15/01/2026,720011,ENLT,ENLT,5.87202,-0.0047562
15/01/2026,1081124,ESLT,ESLT,4.61308,-0.000222088
15/01/2026,281014,ICL,ICL,4.13484,0.003629775
15/01/2026,273011,NICE,NICE,3.60835,0.003650571
15/01/2026,1084557,NVMI,NVMI,5.12143,0.052077229
15/01/2026,1134402,ORA,ORA,5.42165,-0.031824268
15/01/2026,629014,TEVA,TEVA,6.32339,-0.008884832
15/01/2026,1082379,TSEM,TSEM,7.53044,0.006493531
16/01/2026,1095264,CAMT,CAMT,5.54458,0.010735474
16/01/2026,720011,ENLT,ENLT,5.87202,0.019514128
16/01/2026,1081124,ESLT,ESLT,4.61308,0.014449751
16/01/2026,281014,ICL,ICL,4.13484,-0.036166469
16/01/2026,273011,NICE,NICE,3.60835,-0.028405636
16/01/2026,1084557,NVMI,NVMI,5.12143,0.025658784
16/01/2026,1134402,ORA,ORA,5.42165,0.017599809
16/01/2026,629014,TEVA,TEVA,6.32339,-0.018237968
16/01/2026,1082379,TSEM,TSEM,7.53044,0.047016144
20/01/2026,1095264,CAMT,CAMT,5.54458,-0.009525111
20/01/2026,720011,ENLT,ENLT,5.87202,0.052343755
20/01/2026,1081124,ESLT,ESLT,4.61308,-0.027010085
20/01/2026,281014,ICL,ICL,4.13484,0.0
20/01/2026,273011,NICE,NICE,3.60835,-0.000980485
20/01/2026,1084557,NVMI,NVMI,5.12143,0.014336962
20/01/2026,1134402,ORA,ORA,5.42165,-0.002458646
20/01/2026,629014,TEVA,TEVA,6.32339,-0.012594446
20/01/2026,1082379,TSEM,TSEM,7.53044,-0.006392989
21/01/2026,1095264,CAMT,CAMT,5.54458,0.012384175
21/01/2026,720011,ENLT,ENLT,5.87202,-0.014847795
21/01/2026,1081124,ESLT,ESLT,4.61308,0.002854773
21/01/2026,281014,ICL,ICL,4.13484,0.009380891
21/01/2026,273011,NICE,NICE,3.60835,0.008029992
21/01/2026,1084557,NVMI,NVMI,5.12143,0.024176586
21/01/2026,1134402,ORA,ORA,5.42165,0.036885937
21/01/2026,629014,TEVA,TEVA,6.32339,0.001594363
21/01/2026,1082379,TSEM,TSEM,7.53044,0.034263552
22/01/2026,1095264,CAMT,CAMT,5.54458,-0.024260254
22/01/2026,720011,ENLT,ENLT,5.87202,0.0158251
22/01/2026,1081124,ESLT,ESLT,4.61308,-0.006001752
22/01/2026,281014,ICL,ICL,4.13484,0.0
22/01/2026,273011,NICE,NICE,3.60835,-0.006815403
22/01/2026,1084557,NVMI,NVMI,5.12143,-0.003563548
22/01/2026,1134402,ORA,ORA,5.42165,0.008196733
22/01/2026,629014,TEVA,TEVA,6.32339,0.007959249
22/01/2026,1082379,TSEM,TSEM,7.53044,-0.02578326
23/01/2026,1095264,CAMT,CAMT,5.54458,0.005953258
23/01/2026,720011,ENLT,ENLT,5.87202,0.037091989
23/01/2026,1081124,ESLT,ESLT,4.61308,0.014304881
23/01/2026,281014,ICL,ICL,4.13484,0.003717483
23/01/2026,273011,NICE,NICE,3.60835,0.019873482
23/01/2026,1084557,NVMI,NVMI,5.12143,-0.000997012
23/01/2026,1134402,ORA,ORA,5.42165,0.003414628
23/01/2026,629014,TEVA,TEVA,6.32339,0.004737828
23/01/2026,1082379,TSEM,TSEM,7.53044,-0.010463153
26/01/2026,1095264,CAMT,CAMT,5.54458,-0.006892748
26/01/2026,720011,ENLT,ENLT,5.87202,0.009477872
26/01/2026,1081124,ESLT,ESLT,4.61308,-0.013630215
26/01/2026,281014,ICL,ICL,4.13484,-0.001851857
26/01/2026,273011,NICE,NICE,3.60835,0.014505383
26/01/2026,1084557,NVMI,NVMI,5.12143,0.002495051
26/01/2026,1134402,ORA,ORA,5.42165,0.001377355
26/01/2026,629014,TEVA,TEVA,6.32339,0.010374094
26/01/2026,1082379,TSEM,TSEM,7.53044,-0.012206439
27/01/2026,1095264,CAMT,CAMT,5.54458,0.036034769
27/01/2026,720011,ENLT,ENLT,5.87202,0.036669613
27/01/2026,1081124,ESLT,ESLT,4.61308,0.029174132
27/01/2026,281014,ICL,ICL,4.13484,0.018552841
27/01/2026,273011,NICE,NICE,3.60835,-0.020155007
27/01/2026,1084557,NVMI,NVMI,5.12143,0.03248498
27/01/2026,1134402,ORA,ORA,5.42165,0.021118263
27/01/2026,629014,TEVA,TEVA,6.32339,0.012134393
27/01/2026,1082379,TSEM,TSEM,7.53044,0.043840944
28/01/2026,1095264,CAMT,CAMT,5.54458,0.016172685
28/01/2026,720011,ENLT,ENLT,5.87202,-0.004101191
28/01/2026,1081124,ESLT,ESLT,4.61308,0.001301601
28/01/2026,281014,ICL,ICL,4.13484,-0.003642998
28/01/2026,273011,NICE,NICE,3.60835,-0.023030966
28/01/2026,1084557,NVMI,NVMI,5.12143,0.021191828
28/01/2026,1134402,ORA,ORA,5.42165,0.014025356
28/01/2026,629014,TEVA,TEVA,6.32339,0.020903791
28/01/2026,1082379,TSEM,TSEM,7.53044,0.047579534
29/01/2026,1095264,CAMT,CAMT,5.54458,0.036358839
29/01/2026,720011,ENLT,ENLT,5.87202,-0.006691822
29/01/2026,1081124,ESLT,ESLT,4.61308,-0.012383164
29/01/2026,281014,ICL,ICL,4.13484,0.0
29/01/2026,273011,NICE,NICE,3.60835,-0.025103481
29/01/2026,1084557,NVMI,NVMI,5.12143,0.021450003
29/01/2026,1134402,ORA,ORA,5.42165,0.00039075
29/01/2026,629014,TEVA,TEVA,6.32339,-0.004215579
29/01/2026,1082379,TSEM,TSEM,7.53044,-0.03037491
30/01/2026,1095264,CAMT,CAMT,5.54458,-0.058472054
30/01/2026,720011,ENLT,ENLT,5.87202,-0.040076001
30/01/2026,1081124,ESLT,ESLT,4.61308,-0.026614787
30/01/2026,281014,ICL,ICL,4.13484,-0.02193782
30/01/2026,273011,NICE,NICE,3.60835,-0.01790489
30/01/2026,1084557,NVMI,NVMI,5.12143,-0.079959022
30/01/2026,1134402,ORA,ORA,5.42165,-0.024058754
30/01/2026,629014,TEVA,TEVA,6.32339,0.030541341
30/01/2026,1082379,TSEM,TSEM,7.53044,0.000148386
02/02/2026,1095264,CAMT,CAMT,5.54458,-0.031324619
02/02/2026,720011,ENLT,ENLT,5.87202,0.060824205
02/02/2026,1081124,ESLT,ESLT,4.61308,-0.007116729
02/02/2026,281014,ICL,ICL,4.13484,0.001869164
02/02/2026,273011,NICE,NICE,3.60835,0.027816925
02/02/2026,1084557,NVMI,NVMI,5.12143,-0.00805959
02/02/2026,1134402,ORA,ORA,5.42165,0.006643132
02/02/2026,629014,TEVA,TEVA,6.32339,0.042253479
02/02/2026,1082379,TSEM,TSEM,7.53044,0.016032092
03/02/2026,1095264,CAMT,CAMT,5.54458,-0.003804485
03/02/2026,720011,ENLT,ENLT,5.87202,0.050551306
03/02/2026,1081124,ESLT,ESLT,4.61308,0.032168818
03/02/2026,281014,ICL,ICL,4.13484,0.031716512
03/02/2026,273011,NICE,NICE,3.60835,-0.003565872
03/02/2026,1084557,NVMI,NVMI,5.12143,-0.018694243
03/02/2026,1134402,ORA,ORA,5.42165,0.031327115
03/02/2026,629014,TEVA,TEVA,6.32339,0.020551789
03/02/2026,1082379,TSEM,TSEM,7.53044,-0.003579557
04/02/2026,1095264,CAMT,CAMT,5.54458,-0.061173934
04/02/2026,720011,ENLT,ENLT,5.87202,-0.045050878
04/02/2026,1081124,ESLT,ESLT,4.61308,-0.055582588
04/02/2026,281014,ICL,ICL,4.13484,0.001808236
04/02/2026,273011,NICE,NICE,3.60835,0.032391252
04/02/2026,1084557,NVMI,NVMI,5.12143,-0.067360743
04/02/2026,1134402,ORA,ORA,5.42165,-0.022434669
04/02/2026,629014,TEVA,TEVA,6.32339,-0.035586232
04/02/2026,1082379,TSEM,TSEM,7.53044,-0.110850409
05/02/2026,1095264,CAMT,CAMT,5.021,0.062975522
05/02/2026,720011,ENLT,ENLT,7.68231,-0.047176208
05/02/2026,1081124,ESLT,ESLT,6.14483,-0.008514799
05/02/2026,281014,ICL,ICL,3.78765,-0.021660627
05/02/2026,273011,NICE,NICE,3.64473,-0.018042829
05/02/2026,1084557,NVMI,NVMI,5.57225,0.026633569
05/02/2026,1134402,ORA,ORA,5.14668,-0.04369087
05/02/2026,629014,TEVA,TEVA,7.99087,-0.004576655
05/02/2026,1082379,TSEM,TSEM,7.4121,0.06431401
06/02/2026,1095264,CAMT,CAMT,5.021,0.056055585
06/02/2026,720011,ENLT,ENLT,7.68231,0.064951197
06/02/2026,1081124,ESLT,ESLT,6.14483,-0.01364582
06/02/2026,281014,ICL,ICL,3.78765,0.012915078
06/02/2026,273011,NICE,NICE,3.64473,0.012490923
06/02/2026,1084557,NVMI,NVMI,5.57225,0.077898389
06/02/2026,1134402,ORA,ORA,5.14668,0.015586314
06/02/2026,629014,TEVA,TEVA,7.99087,-0.003160937
06/02/2026,1082379,TSEM,TSEM,7.4121,0.077161383
09/02/2026,1095264,CAMT,CAMT,5.021,0.00952891
09/02/2026,720011,ENLT,ENLT,7.68231,0.001166531
09/02/2026,1081124,ESLT,ESLT,6.14483,0.008736838
09/02/2026,281014,ICL,ICL,3.78765,0.0236794
09/02/2026,273011,NICE,NICE,3.64473,-0.004380456
09/02/2026,1084557,NVMI,NVMI,5.57225,0.008131297
09/02/2026,1134402,ORA,ORA,5.14668,-0.004709721
09/02/2026,629014,TEVA,TEVA,7.99087,-0.006341811
09/02/2026,1082379,TSEM,TSEM,7.4121,0.061061607
10/02/2026,1095264,CAMT,CAMT,5.021,0.023663903
10/02/2026,720011,ENLT,ENLT,7.68231,0.030958667
10/02/2026,1081124,ESLT,ESLT,6.14483,0.012462523
10/02/2026,281014,ICL,ICL,3.78765,0.014234918
10/02/2026,273011,NICE,NICE,3.64473,0.019753945
10/02/2026,1084557,NVMI,NVMI,5.57225,-0.006232644
10/02/2026,1134402,ORA,ORA,5.14668,0.011829988
10/02/2026,629014,TEVA,TEVA,7.99087,-0.00290114
10/02/2026,1082379,TSEM,TSEM,7.4121,-0.074289918
11/02/2026,1095264,CAMT,CAMT,5.021,0.028636387
11/02/2026,720011,ENLT,ENLT,7.68231,0.028576049
11/02/2026,1081124,ESLT,ESLT,6.14483,-0.020996231
11/02/2026,281014,ICL,ICL,3.78765,0.008771956
11/02/2026,273011,NICE,NICE,3.64473,-0.022893356
11/02/2026,1084557,NVMI,NVMI,5.57225,0.032617186
11/02/2026,1134402,ORA,ORA,5.14668,-0.007176284
11/02/2026,629014,TEVA,TEVA,7.99087,-0.001745637
11/02/2026,1082379,TSEM,TSEM,7.4121,-0.015596432
12/02/2026,1095264,CAMT,CAMT,5.021,-0.019127572
12/02/2026,720011,ENLT,ENLT,7.68231,0.006278473
12/02/2026,1081124,ESLT,ESLT,6.14483,0.018589052
12/02/2026,281014,ICL,ICL,3.78765,-0.003478271
12/02/2026,273011,NICE,NICE,3.64473,-0.047580416
12/02/2026,1084557,NVMI,NVMI,5.57225,-0.067839354
12/02/2026,1134402,ORA,ORA,5.14668,-0.022171647
12/02/2026,629014,TEVA,TEVA,7.99087,-0.011367041
12/02/2026,1082379,TSEM,TSEM,7.4121,-0.00639691
13/02/2026,1095264,CAMT,CAMT,5.021,0.042605193
13/02/2026,720011,ENLT,ENLT,7.68231,0.011776591
13/02/2026,1081124,ESLT,ESLT,6.14483,-0.001240313
13/02/2026,281014,ICL,ICL,3.78765,0.0
13/02/2026,273011,NICE,NICE,3.64473,-0.020247889
13/02/2026,1084557,NVMI,NVMI,5.57225,0.000473502
13/02/2026,1134402,ORA,ORA,5.14668,-0.018355438
13/02/2026,629014,TEVA,TEVA,7.99087,0.001768909
13/02/2026,1082379,TSEM,TSEM,7.4121,-0.036232941
17/02/2026,1095264,CAMT,CAMT,5.021,-0.030864198
17/02/2026,720011,ENLT,ENLT,7.68231,0.160410069
17/02/2026,1081124,ESLT,ESLT,6.14483,0.026122412
17/02/2026,281014,ICL,ICL,3.78765,0.008726029
17/02/2026,273011,NICE,NICE,3.64473,-0.079575135
17/02/2026,1084557,NVMI,NVMI,5.57225,-0.003267559
17/02/2026,1134402,ORA,ORA,5.14668,0.051019492
17/02/2026,629014,TEVA,TEVA,7.99087,0.012654512
17/02/2026,1082379,TSEM,TSEM,7.4121,-0.007456942
18/02/2026,1095264,CAMT,CAMT,5.021,0.003439448
18/02/2026,720011,ENLT,ENLT,7.68231,-0.030556603
18/02/2026,1081124,ESLT,ESLT,6.14483,0.021682826
18/02/2026,281014,ICL,ICL,3.78765,-0.048442964
18/02/2026,273011,NICE,NICE,3.64473,0.033469757
18/02/2026,1084557,NVMI,NVMI,5.57225,0.021568603
18/02/2026,1134402,ORA,ORA,5.14668,-0.025599703
18/02/2026,629014,TEVA,TEVA,7.99087,-0.008718374
18/02/2026,1082379,TSEM,TSEM,7.4121,0.004460849
19/02/2026,1095264,CAMT,CAMT,5.021,-0.027611978
19/02/2026,720011,ENLT,ENLT,7.68231,-0.057146747
19/02/2026,1081124,ESLT,ESLT,6.14483,0.0298385
19/02/2026,281014,ICL,ICL,3.78765,-0.019999972
19/02/2026,273011,NICE,NICE,3.64473,0.132487341
19/02/2026,1084557,NVMI,NVMI,5.57225,-0.02031646
19/02/2026,1134402,ORA,ORA,5.14668,-0.008179144
19/02/2026,629014,TEVA,TEVA,7.99087,0.006449757
19/02/2026,1082379,TSEM,TSEM,7.4121,-0.01940012
20/02/2026,1095264,CAMT,CAMT,5.021,-0.033226687
20/02/2026,720011,ENLT,ENLT,7.68231,0.018168604
20/02/2026,1081124,ESLT,ESLT,6.14483,-0.007640614
20/02/2026,281014,ICL,ICL,3.78765,0.007421083
20/02/2026,273011,NICE,NICE,3.64473,0.055042575
20/02/2026,1084557,NVMI,NVMI,5.57225,-0.00323045
20/02/2026,1134402,ORA,ORA,5.14668,-0.03440233
20/02/2026,629014,TEVA,TEVA,7.99087,-0.003204212
20/02/2026,1082379,TSEM,TSEM,7.4121,0.020737332
23/02/2026,1095264,CAMT,CAMT,5.021,0.033828456
23/02/2026,720011,ENLT,ENLT,7.68231,0.023269053
23/02/2026,1081124,ESLT,ESLT,6.14483,0.028769386
23/02/2026,281014,ICL,ICL,3.78765,-0.027624215
23/02/2026,273011,NICE,NICE,3.64473,-0.028294687
23/02/2026,1084557,NVMI,NVMI,5.57225,0.002923598
23/02/2026,1134402,ORA,ORA,5.14668,-0.006297444
23/02/2026,629014,TEVA,TEVA,7.99087,-0.00905907
23/02/2026,1082379,TSEM,TSEM,7.4121,-0.008095282
24/02/2026,1095264,CAMT,CAMT,5.021,0.069688447
24/02/2026,720011,ENLT,ENLT,7.68231,-0.026088208
24/02/2026,1081124,ESLT,ESLT,6.14483,0.021379332
24/02/2026,281014,ICL,ICL,3.78765,-0.017045504
24/02/2026,273011,NICE,NICE,3.64473,-0.001136737
24/02/2026,1084557,NVMI,NVMI,5.57225,0.028224053
24/02/2026,1134402,ORA,ORA,5.14668,0.005729663
24/02/2026,629014,TEVA,TEVA,7.99087,0.000294849
24/02/2026,1082379,TSEM,TSEM,7.4121,-0.011143358
25/02/2026,1095264,CAMT,CAMT,5.021,0.032055196
25/02/2026,720011,ENLT,ENLT,7.68231,-0.006732578
25/02/2026,1081124,ESLT,ESLT,6.14483,-0.007878979
25/02/2026,281014,ICL,ICL,3.78765,-0.017340999
25/02/2026,273011,NICE,NICE,3.64473,-0.027488461
25/02/2026,1084557,NVMI,NVMI,5.57225,0.00437348
25/02/2026,1134402,ORA,ORA,5.14668,0.010444483
25/02/2026,629014,TEVA,TEVA,7.99087,-0.008844318
25/02/2026,1082379,TSEM,TSEM,7.4121,-0.000317442
26/02/2026,1095264,CAMT,CAMT,5.021,-0.003667959
26/02/2026,720011,ENLT,ENLT,7.68231,0.010239497
26/02/2026,1081124,ESLT,ESLT,6.14483,0.012931436
26/02/2026,281014,ICL,ICL,3.78765,-0.035294127
26/02/2026,273011,NICE,NICE,3.64473,0.043298275
26/02/2026,1084557,NVMI,NVMI,5.57225,-0.033347236
26/02/2026,1134402,ORA,ORA,5.14668,-0.090466353
26/02/2026,629014,TEVA,TEVA,7.99087,0.004461676
26/02/2026,1082379,TSEM,TSEM,7.4121,-0.016908826
27/02/2026,1095264,CAMT,CAMT,5.021,-0.006056673
27/02/2026,720011,ENLT,ENLT,7.68231,-0.040114276
27/02/2026,1081124,ESLT,ESLT,6.14483,0.004900103
27/02/2026,281014,ICL,ICL,3.78765,-0.024390218
27/02/2026,273011,NICE,NICE,3.64473,0.003019831
27/02/2026,1084557,NVMI,NVMI,5.57225,-0.006587147
27/02/2026,1134402,ORA,ORA,5.14668,-0.026016801
27/02/2026,629014,TEVA,TEVA,7.99087,0.002665092
27/02/2026,1082379,TSEM,TSEM,7.4121,0.008317235
02/03/2026,1095264,CAMT,CAMT,5.021,0.024374227
02/03/2026,720011,ENLT,ENLT,7.68231,0.091314687
02/03/2026,1081124,ESLT,ESLT,6.14483,0.078435464
02/03/2026,281014,ICL,ICL,3.78765,0.049999945
02/03/2026,273011,NICE,NICE,3.64473,0.001118256
02/03/2026,1084557,NVMI,NVMI,5.57225,0.021282475
02/03/2026,1134402,ORA,ORA,5.14668,0.033269089
02/03/2026,629014,TEVA,TEVA,7.99087,-0.002658008
02/03/2026,1082379,TSEM,TSEM,7.4121,0.109874216
03/03/2026,1095264,CAMT,CAMT,5.021,-0.051670849
03/03/2026,720011,ENLT,ENLT,7.68231,-0.01226484
03/03/2026,1081124,ESLT,ESLT,6.14483,-0.007572066
03/03/2026,281014,ICL,ICL,3.78765,-0.019841233
03/03/2026,273011,NICE,NICE,3.64473,0.061178922
03/03/2026,1084557,NVMI,NVMI,5.57225,-0.051204845
03/03/2026,1134402,ORA,ORA,5.14668,-0.010172697
03/03/2026,629014,TEVA,TEVA,7.99087,-0.044122051
03/03/2026,1082379,TSEM,TSEM,7.4121,-0.094234778
04/03/2026,1095264,CAMT,CAMT,5.021,0.021216389
04/03/2026,720011,ENLT,ENLT,7.68231,0.023868593
04/03/2026,1081124,ESLT,ESLT,6.14483,0.075229603
04/03/2026,281014,ICL,ICL,3.78765,-0.00809719
04/03/2026,273011,NICE,NICE,3.64473,0.027206483
04/03/2026,1084557,NVMI,NVMI,5.57225,0.038494991
04/03/2026,1134402,ORA,ORA,5.14668,0.016217267
04/03/2026,629014,TEVA,TEVA,7.99087,0.019516762
04/03/2026,1082379,TSEM,TSEM,7.4121,-0.016171424
05/03/2026,1095264,CAMT,CAMT,5.021,-0.00620257
05/03/2026,720011,ENLT,ENLT,7.68231,0.039886796
05/03/2026,1081124,ESLT,ESLT,6.14483,0.003502797
05/03/2026,281014,ICL,ICL,3.78765,0.002040822
05/03/2026,273011,NICE,NICE,3.64473,0.010011069
05/03/2026,1084557,NVMI,NVMI,5.57225,-0.009102824
05/03/2026,1134402,ORA,ORA,5.14668,0.000278354
05/03/2026,629014,TEVA,TEVA,7.99087,-0.035247641
05/03/2026,1082379,TSEM,TSEM,7.4121,-0.023967604
06/03/2026,1095264,CAMT,CAMT,5.021,-0.107374425
06/03/2026,720011,ENLT,ENLT,7.68231,0.001814169
06/03/2026,1081124,ESLT,ESLT,6.14483,0.054093053
06/03/2026,281014,ICL,ICL,3.78765,0.006109998
06/03/2026,273011,NICE,NICE,3.64473,-0.004760854
06/03/2026,1084557,NVMI,NVMI,5.57225,-0.060032036
06/03/2026,1134402,ORA,ORA,5.14668,0.010110421
06/03/2026,629014,TEVA,TEVA,7.99087,-0.022047268
06/03/2026,1082379,TSEM,TSEM,7.4121,-0.082545251
09/03/2026,1095264,CAMT,CAMT,5.021,0.05383211
09/03/2026,720011,ENLT,ENLT,7.68231,0.013581724
09/03/2026,1081124,ESLT,ESLT,6.14483,-0.035849336
09/03/2026,281014,ICL,ICL,3.78765,0.080971702
09/03/2026,273011,NICE,NICE,3.64473,-0.0148212
09/03/2026,1084557,NVMI,NVMI,5.57225,0.052828658
09/03/2026,1134402,ORA,ORA,5.14668,0.008723573
09/03/2026,629014,TEVA,TEVA,7.99087,0.014492779
09/03/2026,1082379,TSEM,TSEM,7.4121,0.044036558
10/03/2026,1095264,CAMT,CAMT,5.021,0.006699261
10/03/2026,720011,ENLT,ENLT,7.68231,-0.106304259
10/03/2026,1081124,ESLT,ESLT,6.14483,-0.02820805
10/03/2026,281014,ICL,ICL,3.78765,-0.038352552
10/03/2026,273011,NICE,NICE,3.64473,-0.02419805
10/03/2026,1084557,NVMI,NVMI,5.57225,-0.002055106
10/03/2026,1134402,ORA,ORA,5.14668,0.010115674
10/03/2026,629014,TEVA,TEVA,7.99087,0.000634935
10/03/2026,1082379,TSEM,TSEM,7.4121,0.012298616
11/03/2026,1095264,CAMT,CAMT,5.021,0.032441818
11/03/2026,720011,ENLT,ENLT,7.68231,-0.016278729
11/03/2026,1081124,ESLT,ESLT,6.14483,0.00461737
11/03/2026,281014,ICL,ICL,3.78765,0.025540203
11/03/2026,273011,NICE,NICE,3.64473,-0.019251106
11/03/2026,1084557,NVMI,NVMI,5.57225,0.008329999
11/03/2026,1134402,ORA,ORA,5.14668,-0.022103907
11/03/2026,629014,TEVA,TEVA,7.99087,-0.033312219
11/03/2026,1082379,TSEM,TSEM,7.4121,0.021902851
12/03/2026,1095264,CAMT,CAMT,5.021,-0.054539837
12/03/2026,720011,ENLT,ENLT,7.68231,0.000580649
12/03/2026,1081124,ESLT,ESLT,6.14483,-0.017408634
12/03/2026,281014,ICL,ICL,3.78765,0.044061308
12/03/2026,273011,NICE,NICE,3.64473,-0.015553545
12/03/2026,1084557,NVMI,NVMI,5.57225,-0.035936398
12/03/2026,1134402,ORA,ORA,5.14668,0.015407309
12/03/2026,629014,TEVA,TEVA,7.99087,-0.038398428
12/03/2026,1082379,TSEM,TSEM,7.4121,-0.007535177
13/03/2026,1095264,CAMT,CAMT,5.021,-0.023402211
13/03/2026,720011,ENLT,ENLT,7.68231,0.018134339
13/03/2026,1081124,ESLT,ESLT,6.14483,0.006098158
13/03/2026,281014,ICL,ICL,3.78765,-0.014678886
13/03/2026,273011,NICE,NICE,3.64473,-0.008195347
13/03/2026,1084557,NVMI,NVMI,5.57225,0.020209043
13/03/2026,1134402,ORA,ORA,5.14668,0.002907502
13/03/2026,629014,TEVA,TEVA,7.99087,-0.024914661
13/03/2026,1082379,TSEM,TSEM,7.4121,0.052049925
16/03/2026,1095264,CAMT,CAMT,5.021,0.022352006
16/03/2026,720011,ENLT,ENLT,7.68231,0.0722428
16/03/2026,1081124,ESLT,ESLT,6.14483,0.003891603
16/03/2026,281014,ICL,ICL,3.78765,-0.007448783
16/03/2026,273011,NICE,NICE,3.64473,0.00383335
16/03/2026,1084557,NVMI,NVMI,5.57225,0.021348562
16/03/2026,1134402,ORA,ORA,5.14668,-0.006251086
16/03/2026,629014,TEVA,TEVA,7.99087,0.031151537
16/03/2026,1082379,TSEM,TSEM,7.4121,0.110335997
17/03/2026,1095264,CAMT,CAMT,5.021,0.053049714
17/03/2026,720011,ENLT,ENLT,7.68231,-0.00571429
17/03/2026,1081124,ESLT,ESLT,6.14483,0.159897104
17/03/2026,281014,ICL,ICL,3.78765,0.009380899
17/03/2026,273011,NICE,NICE,3.64473,0.00874072
17/03/2026,1084557,NVMI,NVMI,5.57225,0.017749832
17/03/2026,1134402,ORA,ORA,5.14668,-0.015407078
17/03/2026,629014,TEVA,TEVA,7.99087,0.021384966
17/03/2026,1082379,TSEM,TSEM,7.4121,-0.004405291
18/03/2026,1095264,CAMT,CAMT,5.021,0.03934159
18/03/2026,720011,ENLT,ENLT,7.68231,0.025795246
18/03/2026,1081124,ESLT,ESLT,6.14483,-0.059901619
18/03/2026,281014,ICL,ICL,3.78765,-0.020446121
18/03/2026,273011,NICE,NICE,3.64473,-0.011861728
18/03/2026,1084557,NVMI,NVMI,5.57225,0.027563295
18/03/2026,1134402,ORA,ORA,5.14668,-0.00462963
18/03/2026,629014,TEVA,TEVA,7.99087,-0.015952128
18/03/2026,1082379,TSEM,TSEM,7.4121,0.02974036
19/03/2026,1095264,CAMT,CAMT,5.021,0.03329336
19/03/2026,720011,ENLT,ENLT,7.68231,0.001172591
19/03/2026,1081124,ESLT,ESLT,6.14483,0.002600732
19/03/2026,281014,ICL,ICL,3.78765,-0.015180251
19/03/2026,273011,NICE,NICE,3.64473,0.016516282
19/03/2026,1084557,NVMI,NVMI,5.57225,0.031192659
19/03/2026,1134402,ORA,ORA,5.14668,0.028092992
19/03/2026,629014,TEVA,TEVA,7.99087,-0.005741306
19/03/2026,1082379,TSEM,TSEM,7.4121,0.169906974
20/03/2026,1095264,CAMT,CAMT,5.021,-0.036574764
20/03/2026,720011,ENLT,ENLT,7.68231,-0.069885416
20/03/2026,1081124,ESLT,ESLT,6.14483,-0.036922743
20/03/2026,281014,ICL,ICL,3.78765,-0.050096383
20/03/2026,273011,NICE,NICE,3.64473,-0.008710225
20/03/2026,1084557,NVMI,NVMI,5.57225,-0.01436197
20/03/2026,1134402,ORA,ORA,5.14668,-0.037097345
20/03/2026,629014,TEVA,TEVA,7.99087,-0.024116881
20/03/2026,1082379,TSEM,TSEM,7.4121,-0.014751908
23/03/2026,1095264,CAMT,CAMT,5.021,0.038204257
23/03/2026,720011,ENLT,ENLT,7.68231,0.038337734
23/03/2026,1081124,ESLT,ESLT,6.14483,-0.019321182
23/03/2026,281014,ICL,ICL,3.78765,0.028397637
23/03/2026,273011,NICE,NICE,3.64473,-0.011405867
23/03/2026,1084557,NVMI,NVMI,5.57225,0.011970788
23/03/2026,1134402,ORA,ORA,5.14668,0.025559117
23/03/2026,629014,TEVA,TEVA,7.99087,0.001392305
23/03/2026,1082379,TSEM,TSEM,7.4121,0.051946463
24/03/2026,1095264,CAMT,CAMT,5.021,0.040687272
24/03/2026,720011,ENLT,ENLT,7.68231,-0.008354706
24/03/2026,1081124,ESLT,ESLT,6.14483,-0.009036983
24/03/2026,281014,ICL,ICL,3.78765,0.015779077
24/03/2026,273011,NICE,NICE,3.64473,-0.060080323
24/03/2026,1084557,NVMI,NVMI,5.57225,0.030921481
24/03/2026,1134402,ORA,ORA,5.14668,0.006413753
24/03/2026,629014,TEVA,TEVA,7.99087,0.012860581
24/03/2026,1082379,TSEM,TSEM,7.4121,0.050485111
25/03/2026,1095264,CAMT,CAMT,5.021,-0.02353598
25/03/2026,720011,ENLT,ENLT,7.68231,-0.034651387
25/03/2026,1081124,ESLT,ESLT,6.14483,0.019110457
25/03/2026,281014,ICL,ICL,3.78765,0.0
25/03/2026,273011,NICE,NICE,3.64473,-0.004273515
25/03/2026,1084557,NVMI,NVMI,5.57225,-0.008549109
25/03/2026,1134402,ORA,ORA,5.14668,0.007829576
25/03/2026,629014,TEVA,TEVA,7.99087,0.010981459
25/03/2026,1082379,TSEM,TSEM,7.4121,0.043800453
26/03/2026,1095264,CAMT,CAMT,5.021,-0.086931694
26/03/2026,720011,ENLT,ENLT,7.68231,0.01266894
26/03/2026,1081124,ESLT,ESLT,6.14483,-0.023774595
26/03/2026,281014,ICL,ICL,3.78765,0.005825191
26/03/2026,273011,NICE,NICE,3.64473,-0.000913145
26/03/2026,1084557,NVMI,NVMI,5.57225,-0.057492548
26/03/2026,1134402,ORA,ORA,5.14668,0.001806726
26/03/2026,629014,TEVA,TEVA,7.99087,0.010862241
26/03/2026,1082379,TSEM,TSEM,7.4121,-0.074494079
27/03/2026,1095264,CAMT,CAMT,5.021,-0.040848234
27/03/2026,720011,ENLT,ENLT,7.68231,-0.082707873
27/03/2026,1081124,ESLT,ESLT,6.14483,-0.022915643
27/03/2026,281014,ICL,ICL,3.78765,0.003861
27/03/2026,273011,NICE,NICE,3.64473,-0.009688375
27/03/2026,1084557,NVMI,NVMI,5.57225,-0.028416447
27/03/2026,1134402,ORA,ORA,5.14668,0.009918832
27/03/2026,629014,TEVA,TEVA,7.99087,-0.034922797
27/03/2026,1082379,TSEM,TSEM,7.4121,-0.01580029
30/03/2026,1095264,CAMT,CAMT,5.021,-0.057849051
30/03/2026,720011,ENLT,ENLT,7.68231,-0.026064575
30/03/2026,1081124,ESLT,ESLT,6.14483,-0.060989615
30/03/2026,281014,ICL,ICL,3.78765,-0.001923029
30/03/2026,273011,NICE,NICE,3.64473,0.00387631
30/03/2026,1084557,NVMI,NVMI,5.57225,-0.062375182
30/03/2026,1134402,ORA,ORA,5.14668,-0.022857121
30/03/2026,629014,TEVA,TEVA,7.99087,-0.013569916
30/03/2026,1082379,TSEM,TSEM,7.4121,-0.077594209
31/03/2026,1095264,CAMT,CAMT,5.021,0.049494625
31/03/2026,720011,ENLT,ENLT,7.68231,0.062081931
31/03/2026,1081124,ESLT,ESLT,6.14483,0.039570511
31/03/2026,281014,ICL,ICL,3.78765,-0.001926826
31/03/2026,273011,NICE,NICE,3.64473,0.013698681
31/03/2026,1084557,NVMI,NVMI,5.57225,0.050940123
31/03/2026,1134402,ORA,ORA,5.14668,0.022660779
31/03/2026,629014,TEVA,TEVA,7.99087,0.062433878
31/03/2026,1082379,TSEM,TSEM,7.4121,0.106570776
01/04/2026,1095264,CAMT,CAMT,5.021,0.0467647009389071
01/04/2026,720011,ENLT,ENLT,7.68231,0.0397011280348944
01/04/2026,1081124,ESLT,ESLT,6.14483,0.0558715812704764
01/04/2026,281014,ICL,ICL,3.78765,0.0115830009204429
01/04/2026,273011,NICE,NICE,3.64473,-0.0013604346360666
01/04/2026,1084557,NVMI,NVMI,5.57225,0.0264115346157864
01/04/2026,1134402,ORA,ORA,5.14668,0.0153681312441298
01/04/2026,629014,TEVA,TEVA,7.99087,0.0043160410738525
01/04/2026,1082379,TSEM,TSEM,7.4121,0.0660474805041313
02/04/2026,1095264,CAMT,CAMT,5.021,-0.0061121691200755
02/04/2026,720011,ENLT,ENLT,7.68231,-0.0154994850669413
02/04/2026,1081124,ESLT,ESLT,6.14483,-0.008432577099151
02/04/2026,281014,ICL,ICL,3.78765,0.0
02/04/2026,273011,NICE,NICE,3.64473,0.0280628128304645
02/04/2026,1084557,NVMI,NVMI,5.57225,-0.0078743909492428
02/04/2026,1134402,ORA,ORA,5.14668,-0.0070398016196283
02/04/2026,629014,TEVA,TEVA,7.99087,-0.0056198372328577
02/04/2026,1082379,TSEM,TSEM,7.4121,0.0573581830728346
06/04/2026,1095264,CAMT,CAMT,5.021,0.0088125241063818
06/04/2026,720011,ENLT,ENLT,7.68231,-0.0118792299760613
06/04/2026,1081124,ESLT,ESLT,6.14483,0.0390452131304306
06/04/2026,281014,ICL,ICL,3.78765,0.0038168814193295
06/04/2026,273011,NICE,NICE,3.64473,0.0015018180470232
06/04/2026,1084557,NVMI,NVMI,5.57225,0.00748461837845
06/04/2026,1134402,ORA,ORA,5.14668,-0.0201169506977745
06/04/2026,629014,TEVA,TEVA,7.99087,-0.0086436246523036
06/04/2026,1082379,TSEM,TSEM,7.4121,-0.0384732077499527
07/04/2026,1095264,CAMT,CAMT,5.021,0.000628494888037
07/04/2026,720011,ENLT,ENLT,7.68231,-0.0055040157644683
07/04/2026,1081124,ESLT,ESLT,6.14483,-0.0102957449308126
07/04/2026,281014,ICL,ICL,3.78765,0.0152091103089289
07/04/2026,273011,NICE,NICE,3.64473,-0.01402490895973
07/04/2026,1084557,NVMI,NVMI,5.57225,-0.0026708617977994
07/04/2026,1134402,ORA,ORA,5.14668,0.0151035377910333
07/04/2026,629014,TEVA,TEVA,7.99087,-0.0164319173753449
07/04/2026,1082379,TSEM,TSEM,7.4121,0.0035227833237538
08/04/2026,1095264,CAMT,CAMT,5.021,0.0682702866087787
08/04/2026,720011,ENLT,ENLT,7.68231,0.0346635177173955
08/04/2026,1081124,ESLT,ESLT,6.14483,0.0069461947617406
08/04/2026,281014,ICL,ICL,3.78765,0.0093632420353908
08/04/2026,273011,NICE,NICE,3.64473,-0.0261227250029827
08/04/2026,1084557,NVMI,NVMI,5.57225,0.0701233339843969
08/04/2026,1134402,ORA,ORA,5.14668,0.0110478039626222
08/04/2026,629014,TEVA,TEVA,7.99087,0.0405728106768863
08/04/2026,1082379,TSEM,TSEM,7.4121,0.067169611361378
09/04/2026,1095264,CAMT,CAMT,5.021,0.0377447134291879
09/04/2026,720011,ENLT,ENLT,7.68231,0.0094312804097791
09/04/2026,1081124,ESLT,ESLT,6.14483,0.0086364215350582
09/04/2026,281014,ICL,ICL,3.78765,-0.0129869566898264
09/04/2026,273011,NICE,NICE,3.64473,-0.0404189004336685
09/04/2026,1084557,NVMI,NVMI,5.57225,0.0390309513530462
09/04/2026,1134402,ORA,ORA,5.14668,0.0029960903051899
09/04/2026,629014,TEVA,TEVA,7.99087,0.0144167306720028
09/04/2026,1082379,TSEM,TSEM,7.4121,0.0006874246537329
10/04/2026,1095264,CAMT,CAMT,5.021,-0.0112174709033961
10/04/2026,720011,ENLT,ENLT,7.68231,0.0401617248666452
10/04/2026,1081124,ESLT,ESLT,6.14483,-0.0034788334605301
10/04/2026,281014,ICL,ICL,3.78765,-0.0263158531588981
10/04/2026,273011,NICE,NICE,3.64473,-0.0714148875153641
10/04/2026,1084557,NVMI,NVMI,5.57225,0.0040074705313701
10/04/2026,1134402,ORA,ORA,5.14668,0.0123001364402794
10/04/2026,629014,TEVA,TEVA,7.99087,-0.0045219442438113
10/04/2026,1082379,TSEM,TSEM,7.4121,-0.001128500530187
13/04/2026,1095264,CAMT,CAMT,5.021,0.0022918346374951
13/04/2026,720011,ENLT,ENLT,7.68231,0.0128704485990103
13/04/2026,1081124,ESLT,ESLT,6.14483,0.0116960937341095
13/04/2026,281014,ICL,ICL,3.78765,0.0501930960420948
13/04/2026,273011,NICE,NICE,3.64473,0.0599999968538578
13/04/2026,1084557,NVMI,NVMI,5.57225,0.0221142629413639
13/04/2026,1134402,ORA,ORA,5.14668,-0.0255164243209362
13/04/2026,629014,TEVA,TEVA,7.99087,0.0107073305312677
13/04/2026,1082379,TSEM,TSEM,7.4121,0.0288816002189697
14/04/2026,1095264,CAMT,CAMT,5.021,0.033213359976246
14/04/2026,720011,ENLT,ENLT,7.68231,0.0720052229287784
14/04/2026,1081124,ESLT,ESLT,6.14483,-0.0152505320055491
14/04/2026,281014,ICL,ICL,3.78765,-0.0220588022604535
14/04/2026,273011,NICE,NICE,3.64473,-0.0158529202320161
14/04/2026,1084557,NVMI,NVMI,5.57225,0.0157782193101763
14/04/2026,1134402,ORA,ORA,5.14668,0.0219095040186823
14/04/2026,629014,TEVA,TEVA,7.99087,0.0199037189992317
14/04/2026,1082379,TSEM,TSEM,7.4121,0.0221511403189405
