Date,Index,AMOT_Return,AZRG_Return,BEZQ_Return,BIG_Return,CAMT_Return,CLIS_Return,DLEKG_Return,DIMRI_Return,DSCT_Return,ESLT_Return,ENLT_Return,FTAL_Return,FIBI_Return,HARL_Return,ICL_Return,LUMI_Return,MLSR_Return,MMHD_Return,MGDL_Return,MVNE_Return,MZTF_Return,NVPT_Return,NWMD_Return,NXSN_Return,NICE_Return,NVMI_Return,OPCE_Return,ORA_Return,PHOE_Return,POLI_Return,SPEN_Return,SAE_Return,STRS_Return,TEVA_Return,TSEM_Return,AMOT_Weight,AZRG_Weight,BEZQ_Weight,BIG_Weight,CAMT_Weight,CLIS_Weight,DLEKG_Weight,DIMRI_Weight,DSCT_Weight,ESLT_Weight,ENLT_Weight,FTAL_Weight,FIBI_Weight,HARL_Weight,ICL_Weight,LUMI_Weight,MLSR_Weight,MMHD_Weight,MGDL_Weight,MVNE_Weight,MZTF_Weight,NVPT_Weight,NWMD_Weight,NXSN_Weight,NICE_Weight,NVMI_Weight,OPCE_Weight,ORA_Weight,PHOE_Weight,POLI_Weight,SPEN_Weight,SAE_Weight,STRS_Weight,TEVA_Weight,TSEM_Weight,Open,SP500_Close,VIX_Close,SP500_Return,VIX_Return
2025-09-03,3019.45,0.61,1.25,1.15,-0.24,-2.35,4.24,1.85,-0.17,0.92,0.73,2.06,-1.02,2.21,4.64,-1.75,0.37,0.03,3.85,2.13,0.0,1.41,-0.98,2.45,6.38,-3.11,-1.98,1.72,-0.2,3.37,1.32,-0.32,-0.85,-0.68,0.75,4.15,1.00283,2.04438,2.3956,1.8287,1.73391,1.93092,0.55231,1.26593,6.60468,2.05576,0.97816,7.76033,2.14649,0.67984,2.0307,2.68409,0.70807,6.8538,1.60252,1.13864,1.23757,5.79033,5.477,5.42758,1.75612,1.56461,1.1996,3.15762,4.52339,6.86807,1.34608,0.66199,0.91677,7.78136,4.29427,3005.27001953125,6448.259765625,16.350000381469727,,
2025-09-04,3047.19,2.22,2.59,1.62,2.34,-0.65,3.59,-2.83,0.63,2.08,0.2,1.07,2.02,1.15,2.8,-1.35,1.17,3.51,2.15,2.43,2.51,1.44,0.59,-0.25,1.23,0.09,2.31,2.5,0.36,1.15,1.23,3.46,0.63,1.86,-1.03,-0.67,1.00283,2.04438,2.3956,1.8287,1.73391,1.93092,0.55231,1.26593,6.60468,2.05576,0.97816,7.76033,2.14649,0.67984,2.0307,2.68409,0.70807,6.8538,1.60252,1.13864,1.23757,5.79033,5.477,5.42758,1.75612,1.56461,1.1996,3.15762,4.52339,6.86807,1.34608,0.66199,0.91677,7.78136,4.29427,3025.39990234375,6502.080078125,15.300000190734863,0.008346486409699372,-0.06422019365362708
2025-09-08,3079.29,1.43,-0.79,1.35,1.31,1.86,-1.4,1.03,1.02,-0.4,0.09,0.67,-1.51,0.97,-2.48,-0.54,-0.9,0.4,-2.04,-0.83,1.28,-0.91,-3.37,0.0,0.52,0.94,4.32,-0.04,-0.03,-2.28,-0.57,-1.27,0.45,-1.13,-0.66,0.66,1.00283,2.04438,2.3956,1.8287,1.73391,1.93092,0.55231,1.26593,6.60468,2.05576,0.97816,7.76033,2.14649,0.67984,2.0307,2.68409,0.70807,6.8538,1.60252,1.13864,1.23757,5.79033,5.477,5.42758,1.75612,1.56461,1.1996,3.15762,4.52339,6.86807,1.34608,0.66199,0.91677,7.78136,4.29427,3095.330078125,6495.14990234375,15.109999656677246,,
2025-09-09,3133.78,0.87,2.75,1.33,3.74,3.85,1.54,0.52,2.87,1.11,0.42,1.86,3.67,0.75,1.09,2.13,1.21,0.98,0.99,0.84,2.69,0.18,9.45,-0.12,2.15,1.88,3.23,1.01,-0.36,0.61,0.92,1.59,4.1,1.2,3.58,3.38,1.00283,2.04438,2.3956,1.8287,1.73391,1.93092,0.55231,1.26593,6.60468,2.05576,0.97816,7.76033,2.14649,0.67984,2.0307,2.68409,0.70807,6.8538,1.60252,1.13864,1.23757,5.79033,5.477,5.42758,1.75612,1.56461,1.1996,3.15762,4.52339,6.86807,1.34608,0.66199,0.91677,7.78136,4.29427,3082.580078125,6512.60986328125,15.039999961853027,0.0026881536531127015,-0.004632673488730754
2025-09-10,3124.37,-1.85,-1.22,0.43,-1.8,-1.37,-1.96,0.32,-0.21,-0.3,2.51,-0.87,-1.11,-0.62,-1.97,0.19,-0.69,-0.69,-2.06,-2.16,-1.54,-0.69,0.91,-0.55,1.85,-1.06,-1.39,0.81,0.33,-1.63,0.0,-2.72,-1.09,0.49,0.32,1.41,1.00283,2.04438,2.3956,1.8287,1.73391,1.93092,0.55231,1.26593,6.60468,2.05576,0.97816,7.76033,2.14649,0.67984,2.0307,2.68409,0.70807,6.8538,1.60252,1.13864,1.23757,5.79033,5.477,5.42758,1.75612,1.56461,1.1996,3.15762,4.52339,6.86807,1.34608,0.66199,0.91677,7.78136,4.29427,3124.590087890625,6532.0400390625,15.350000381469727,0.002983469943562689,0.02061173007998507
2025-09-11,3092.88,0.46,-2.2,-0.18,-0.74,0.8,-4.63,0.0,-1.63,-2.86,0.94,-0.43,0.6,-1.42,-2.56,-0.53,-2.52,-1.9,-3.39,-3.65,-1.09,-1.43,-2.52,-0.37,-1.38,-0.57,4.45,-2.8,0.49,-2.19,-2.69,-1.11,-2.12,-1.44,0.26,-1.52,1.00283,2.04438,2.3956,1.8287,1.73391,1.93092,0.55231,1.26593,6.60468,2.05576,0.97816,7.76033,2.14649,0.67984,2.0307,2.68409,0.70807,6.8538,1.60252,1.13864,1.23757,5.79033,5.477,5.42758,1.75612,1.56461,1.1996,3.15762,4.52339,6.86807,1.34608,0.66199,0.91677,7.78136,4.29427,3133.0400390625,6587.47021484375,14.710000038146973,0.008485890387959882,-0.04169383240506963
2025-09-15,3058.22,0.0,-1.6,1.16,-1.22,1.44,-3.22,-2.09,-0.39,-0.22,-0.54,-0.63,-2.09,-0.3,-0.1,0.0,0.05,-1.16,-0.07,-2.18,-2.42,0.62,-1.44,-2.41,-3.33,0.28,2.61,-0.17,1.56,-0.64,0.05,-2.02,-1.4,-0.31,-1.68,1.15,1.00283,2.04438,2.3956,1.8287,1.73391,1.93092,0.55231,1.26593,6.60468,2.05576,0.97816,7.76033,2.14649,0.67984,2.0307,2.68409,0.70807,6.8538,1.60252,1.13864,1.23757,5.79033,5.477,5.42758,1.75612,1.56461,1.1996,3.15762,4.52339,6.86807,1.34608,0.66199,0.91677,7.78136,4.29427,3072.639892578125,6615.27978515625,15.6899995803833,,
2025-09-16,3054.16,-0.68,-0.81,-0.89,-0.91,-1.32,0.9,1.14,-1.8,-1.29,1.99,1.53,-1.17,-1.38,1.29,-1.93,0.73,-1.56,0.59,0.74,0.17,-1.51,0.68,2.92,-4.49,0.06,1.64,-0.31,-0.07,0.74,0.49,-0.95,0.3,0.78,-3.6,0.46,1.00283,2.04438,2.3956,1.8287,1.73391,1.93092,0.55231,1.26593,6.60468,2.05576,0.97816,7.76033,2.14649,0.67984,2.0307,2.68409,0.70807,6.8538,1.60252,1.13864,1.23757,5.79033,5.477,5.42758,1.75612,1.56461,1.1996,3.15762,4.52339,6.86807,1.34608,0.66199,0.91677,7.78136,4.29427,3043.679931640625,6606.759765625,16.360000610351562,-0.0012879303382402618,0.04270242497685861
2025-09-17,2996.85,-2.37,-3.0,-1.44,-2.0,0.93,-5.58,-3.04,-1.41,-3.29,-5.23,-2.55,-1.49,-3.06,-4.17,-0.2,-2.71,-3.02,-3.12,-4.33,-1.9,-3.16,0.29,-1.14,-2.86,4.18,-0.13,-3.45,1.24,-4.49,-3.36,-2.2,-1.01,-3.25,0.05,1.41,1.00283,2.04438,2.3956,1.8287,1.73391,1.93092,0.55231,1.26593,6.60468,2.05576,0.97816,7.76033,2.14649,0.67984,2.0307,2.68409,0.70807,6.8538,1.60252,1.13864,1.23757,5.79033,5.477,5.42758,1.75612,1.56461,1.1996,3.15762,4.52339,6.86807,1.34608,0.66199,0.91677,7.78136,4.29427,3068.320068359375,6600.35009765625,15.720000267028809,-0.0009701681605103207,-0.03911982392701152
2025-09-18,3030.36,0.62,-0.85,0.43,2.04,13.31,2.15,2.34,-0.29,0.92,2.21,2.05,2.29,0.95,-0.14,0.69,0.12,0.27,1.45,1.83,0.93,0.1,3.86,3.0,5.54,2.07,0.74,1.35,0.9,2.11,0.66,1.06,0.03,2.62,-1.9,2.82,1.00283,2.04438,2.3956,1.8287,1.73391,1.93092,0.55231,1.26593,6.60468,2.05576,0.97816,7.76033,2.14649,0.67984,2.0307,2.68409,0.70807,6.8538,1.60252,1.13864,1.23757,5.79033,5.477,5.42758,1.75612,1.56461,1.1996,3.15762,4.52339,6.86807,1.34608,0.66199,0.91677,7.78136,4.29427,2999.860107421875,6631.9599609375,15.699999809265137,0.004789119185128365,-0.0012722937292578562
2025-09-25,3034.83,0.04,0.64,1.18,0.36,6.85,1.67,2.4,-0.53,1.49,0.64,0.0,1.2,1.69,5.33,2.68,1.76,-0.71,1.99,0.98,0.43,3.16,1.01,2.04,-2.4,-0.41,0.76,0.54,1.56,4.58,2.11,-0.62,-1.77,-0.15,3.75,2.81,1.00283,2.04438,2.3956,1.8287,1.73391,1.93092,0.55231,1.26593,6.60468,2.05576,0.97816,7.76033,2.14649,0.67984,2.0307,2.68409,0.70807,6.8538,1.60252,1.13864,1.23757,5.79033,5.477,5.42758,1.75612,1.56461,1.1996,3.15762,4.52339,6.86807,1.34608,0.66199,0.91677,7.78136,4.29427,3029.77001953125,6604.72021484375,16.739999771118164,,
2025-09-29,3113.62,0.04,0.19,0.34,-0.61,0.03,-2.09,0.58,-0.25,-1.33,0.15,2.85,-0.26,-1.23,-1.5,0.67,0.16,0.03,-0.53,-0.91,-0.97,0.47,-0.27,2.33,-1.93,-0.91,3.32,0.0,-1.78,-2.04,-0.93,-0.39,0.34,-0.66,0.13,1.13,1.00283,2.04438,2.3956,1.8287,1.73391,1.93092,0.55231,1.26593,6.60468,2.05576,0.97816,7.76033,2.14649,0.67984,2.0307,2.68409,0.70807,6.8538,1.60252,1.13864,1.23757,5.79033,5.477,5.42758,1.75612,1.56461,1.1996,3.15762,4.52339,6.86807,1.34608,0.66199,0.91677,7.78136,4.29427,3148.52001953125,6661.2099609375,16.1200008392334,,
2025-09-30,3199.82,5.77,3.69,1.52,4.34,-0.49,6.73,2.52,6.56,2.25,1.18,4.34,4.63,2.15,6.39,-1.19,3.63,5.43,7.3,5.61,5.81,2.3,-0.27,4.37,1.69,-0.1,0.43,0.87,1.37,7.36,4.07,6.32,2.71,3.45,3.55,1.07,1.00283,2.04438,2.3956,1.8287,1.73391,1.93092,0.55231,1.26593,6.60468,2.05576,0.97816,7.76033,2.14649,0.67984,2.0307,2.68409,0.70807,6.8538,1.60252,1.13864,1.23757,5.79033,5.477,5.42758,1.75612,1.56461,1.1996,3.15762,4.52339,6.86807,1.34608,0.66199,0.91677,7.78136,4.29427,3140.070068359375,6688.4599609375,16.280000686645508,0.0040908483833717035,0.00992554833016479
2025-10-08,3203.55,-1.16,-2.12,-0.8,1.74,-0.99,0.83,-0.25,0.28,-1.06,-0.04,3.94,-1.49,0.26,1.96,1.11,-1.21,-0.87,1.67,-1.84,-0.66,-0.99,1.0,0.06,-3.56,-1.61,-1.17,-0.49,4.27,-0.88,-1.54,-0.4,-0.67,-0.4,1.07,-2.02,1.00283,2.04438,2.3956,1.8287,1.73391,1.93092,0.55231,1.26593,6.60468,2.05576,0.97816,7.76033,2.14649,0.67984,2.0307,2.68409,0.70807,6.8538,1.60252,1.13864,1.23757,5.79033,5.477,5.42758,1.75612,1.56461,1.1996,3.15762,4.52339,6.86807,1.34608,0.66199,0.91677,7.78136,4.29427,3193.360107421875,6753.72021484375,16.299999237060547,,
2025-10-09,3276.85,6.01,4.33,3.88,3.26,3.5,2.89,3.01,8.86,2.49,0.3,3.61,4.79,1.32,0.79,3.76,2.66,3.79,0.76,3.13,5.42,3.03,0.99,1.31,5.29,1.35,1.98,2.07,1.05,4.12,1.91,5.47,1.9,2.4,-0.45,3.15,1.00283,2.04438,2.3956,1.8287,1.73391,1.93092,0.55231,1.26593,6.60468,2.05576,0.97816,7.76033,2.14649,0.67984,2.0307,2.68409,0.70807,6.8538,1.60252,1.13864,1.23757,5.79033,5.477,5.42758,1.75612,1.56461,1.1996,3.15762,4.52339,6.86807,1.34608,0.66199,0.91677,7.78136,4.29427,3237.909912109375,6735.10986328125,16.43000030517578,-0.002755570407195318,0.007975526024544655
2025-10-15,3248.99,-2.5,-1.81,-1.2,-1.1,12.81,-3.33,-3.45,-4.38,-0.64,3.38,3.71,-4.84,-0.97,-4.04,-1.59,0.3,-2.91,-2.75,-3.08,-2.61,1.46,-0.35,-1.74,-5.74,-1.7,8.82,3.51,4.22,-3.39,-0.6,1.5,-1.81,-1.51,-1.12,6.37,1.00283,2.04438,2.3956,1.8287,1.73391,1.93092,0.55231,1.26593,6.60468,2.05576,0.97816,7.76033,2.14649,0.67984,2.0307,2.68409,0.70807,6.8538,1.60252,1.13864,1.23757,5.79033,5.477,5.42758,1.75612,1.56461,1.1996,3.15762,4.52339,6.86807,1.34608,0.66199,0.91677,7.78136,4.29427,3272.330078125,6671.06005859375,20.639999389648438,,
2025-10-16,3210.91,1.22,1.58,0.36,2.09,-0.39,-2.11,1.14,-2.68,-3.41,-4.41,-0.52,-0.43,-2.98,-1.61,-0.95,-3.28,1.25,-2.2,-2.99,1.08,-3.75,3.38,-0.74,2.87,-1.09,2.61,-1.32,0.83,-1.3,-3.74,-1.51,0.62,1.76,0.18,-0.16,1.00283,2.04438,2.3956,1.8287,1.73391,1.93092,0.55231,1.26593,6.60468,2.05576,0.97816,7.76033,2.14649,0.67984,2.0307,2.68409,0.70807,6.8538,1.60252,1.13864,1.23757,5.79033,5.477,5.42758,1.75612,1.56461,1.1996,3.15762,4.52339,6.86807,1.34608,0.66199,0.91677,7.78136,4.29427,3232.64990234375,6629.06982421875,25.309999465942383,-0.006294387099829435,0.22625970030968534
2025-10-20,3208.01,0.51,-1.43,0.02,-0.14,0.47,2.07,-2.32,-0.31,2.97,0.58,-1.05,1.01,1.91,0.74,0.83,3.03,0.79,1.11,2.58,-0.94,2.57,-2.72,-1.7,-0.54,-0.43,0.82,-0.35,1.2,1.27,3.86,0.55,-1.73,-0.35,-0.92,4.92,1.00283,2.04438,2.3956,1.8287,1.73391,1.93092,0.55231,1.26593,6.60468,2.05576,0.97816,7.76033,2.14649,0.67984,2.0307,2.68409,0.70807,6.8538,1.60252,1.13864,1.23757,5.79033,5.477,5.42758,1.75612,1.56461,1.1996,3.15762,4.52339,6.86807,1.34608,0.66199,0.91677,7.78136,4.29427,3191.18994140625,6735.1298828125,18.229999542236328,,
2025-10-21,3176.41,-0.98,-1.83,-2.27,-1.49,-0.1,3.81,0.0,-3.04,-1.92,0.03,-3.01,-1.62,-0.3,0.09,0.44,-1.19,-1.97,0.87,3.64,-0.44,-1.7,-4.06,-2.57,-0.07,0.25,-0.13,-1.04,-2.85,1.17,-1.54,-3.44,-0.73,-2.78,-0.44,-3.11,1.00283,2.04438,2.3956,1.8287,1.73391,1.93092,0.55231,1.26593,6.60468,2.05576,0.97816,7.76033,2.14649,0.67984,2.0307,2.68409,0.70807,6.8538,1.60252,1.13864,1.23757,5.79033,5.477,5.42758,1.75612,1.56461,1.1996,3.15762,4.52339,6.86807,1.34608,0.66199,0.91677,7.78136,4.29427,3212.6201171875,6735.35009765625,17.8700008392334,3.2696450934288634e-05,-0.01974759802757342
2025-10-22,3178.97,-0.52,1.59,1.86,0.8,-3.98,-0.36,1.37,1.38,1.04,-0.32,0.0,-0.18,-0.17,-0.73,-0.58,1.11,1.04,0.77,0.36,0.0,0.48,3.29,-0.18,-0.55,0.89,-2.36,-0.07,-1.51,-1.4,1.61,1.98,1.24,-0.81,-0.27,-1.38,1.00283,2.04438,2.3956,1.8287,1.73391,1.93092,0.55231,1.26593,6.60468,2.05576,0.97816,7.76033,2.14649,0.67984,2.0307,2.68409,0.70807,6.8538,1.60252,1.13864,1.23757,5.79033,5.477,5.42758,1.75612,1.56461,1.1996,3.15762,4.52339,6.86807,1.34608,0.66199,0.91677,7.78136,4.29427,3173.7900390625,6699.39990234375,18.600000381469727,-0.005337539220865439,0.04085056004214738
2025-10-23,3199.1,1.8,1.22,-0.92,0.83,-1.35,1.78,2.09,0.34,0.0,-0.67,2.01,2.14,0.09,1.29,4.04,0.39,2.04,0.29,1.35,2.99,0.29,2.64,1.78,0.28,-0.57,0.97,0.27,-0.2,2.76,0.0,1.66,2.36,2.55,-0.89,0.45,1.00283,2.04438,2.3956,1.8287,1.73391,1.93092,0.55231,1.26593,6.60468,2.05576,0.97816,7.76033,2.14649,0.67984,2.0307,2.68409,0.70807,6.8538,1.60252,1.13864,1.23757,5.79033,5.477,5.42758,1.75612,1.56461,1.1996,3.15762,4.52339,6.86807,1.34608,0.66199,0.91677,7.78136,4.29427,3158.669921875,6738.43994140625,17.299999237060547,0.0058273934429324825,-0.06989253321222011
2025-10-27,3236.46,0.57,-1.3,0.98,-0.03,0.86,-1.32,-0.49,-0.38,0.34,-2.62,1.65,-0.36,2.11,-0.09,-0.18,1.24,-1.29,-1.21,-1.04,-0.41,0.05,0.53,-0.82,-1.96,0.71,0.99,1.53,-1.18,-2.36,0.54,-0.3,-1.22,-1.47,1.02,3.89,1.00283,2.04438,2.3956,1.8287,1.73391,1.93092,0.55231,1.26593,6.60468,2.05576,0.97816,7.76033,2.14649,0.67984,2.0307,2.68409,0.70807,6.8538,1.60252,1.13864,1.23757,5.79033,5.477,5.42758,1.75612,1.56461,1.1996,3.15762,4.52339,6.86807,1.34608,0.66199,0.91677,7.78136,4.29427,3243.659912109375,6875.16015625,15.789999961853027,,
2025-10-28,3206.35,-2.65,-0.88,-1.76,-1.18,-5.25,-0.41,-1.51,-0.56,-0.78,-2.03,-1.2,-0.33,-0.09,-0.91,-0.92,0.0,-1.4,-0.55,0.18,-2.54,-0.57,-0.88,-3.15,-1.0,-0.3,-3.58,1.33,0.61,-0.67,-0.18,-0.97,-0.84,-1.31,0.57,-0.19,1.00283,2.04438,2.3956,1.8287,1.73391,1.93092,0.55231,1.26593,6.60468,2.05576,0.97816,7.76033,2.14649,0.67984,2.0307,2.68409,0.70807,6.8538,1.60252,1.13864,1.23757,5.79033,5.477,5.42758,1.75612,1.56461,1.1996,3.15762,4.52339,6.86807,1.34608,0.66199,0.91677,7.78136,4.29427,3228.4599609375,6890.89013671875,16.420000076293945,0.0022879438603986557,0.03989867738840602
2025-10-29,3260.11,0.54,-0.86,1.99,1.07,9.08,2.46,0.8,1.15,0.78,0.78,0.0,0.96,0.04,0.92,-0.23,0.68,0.12,0.45,0.09,0.77,1.62,1.25,-0.67,1.8,0.57,3.8,0.86,2.87,0.5,1.09,0.34,1.9,0.17,4.23,6.62,1.00283,2.04438,2.3956,1.8287,1.73391,1.93092,0.55231,1.26593,6.60468,2.05576,0.97816,7.76033,2.14649,0.67984,2.0307,2.68409,0.70807,6.8538,1.60252,1.13864,1.23757,5.79033,5.477,5.42758,1.75612,1.56461,1.1996,3.15762,4.52339,6.86807,1.34608,0.66199,0.91677,7.78136,4.29427,3223.550048828125,6890.58984375,16.920000076293945,-4.3578255173426506e-05,0.03045066977325206
2025-10-30,3273.43,-0.15,-0.23,-0.6,0.12,-2.35,4.12,4.34,-0.46,1.68,0.0,-1.65,0.78,0.99,4.11,-0.51,1.98,0.07,5.33,2.54,0.7,-0.42,0.79,3.27,1.2,0.41,-1.63,0.85,-1.49,4.93,0.97,-2.02,-0.54,1.61,-1.27,-2.25,1.00283,2.04438,2.3956,1.8287,1.73391,1.93092,0.55231,1.26593,6.60468,2.05576,0.97816,7.76033,2.14649,0.67984,2.0307,2.68409,0.70807,6.8538,1.60252,1.13864,1.23757,5.79033,5.477,5.42758,1.75612,1.56461,1.1996,3.15762,4.52339,6.86807,1.34608,0.66199,0.91677,7.78136,4.29427,3248.780029296875,6822.33984375,16.90999984741211,-0.00990481243951924,-0.0005910300730935791
2025-11-03,3320.54,0.27,-1.23,-0.49,0.41,-1.89,1.65,3.95,-0.18,1.5,0.77,2.01,-1.87,2.66,1.4,0.19,2.27,0.52,2.01,1.85,-0.9,2.86,3.4,1.18,-2.32,-1.38,0.34,0.69,0.78,2.86,2.74,3.67,1.16,-0.69,0.9,-2.89,1.00283,2.04438,2.3956,1.8287,1.73391,1.93092,0.55231,1.26593,6.60468,2.05576,0.97816,7.76033,2.14649,0.67984,2.0307,2.68409,0.70807,6.8538,1.60252,1.13864,1.23757,5.79033,5.477,5.42758,1.75612,1.56461,1.1996,3.15762,4.52339,6.86807,1.34608,0.66199,0.91677,7.78136,4.29427,3289.169921875,6851.97021484375,17.170000076293945,,
2025-11-04,3317.09,-0.08,1.25,2.16,0.71,-0.83,4.54,0.0,-0.68,-1.08,-1.25,0.43,-1.79,-1.38,4.84,0.56,-1.56,-0.07,4.73,3.06,0.63,-1.5,0.76,-0.58,0.68,-2.37,-3.07,1.09,3.51,2.85,-1.93,0.33,-0.34,0.24,-0.21,1.97,1.00283,2.04438,2.3956,1.8287,1.73391,1.93092,0.55231,1.26593,6.60468,2.05576,0.97816,7.76033,2.14649,0.67984,2.0307,2.68409,0.70807,6.8538,1.60252,1.13864,1.23757,5.79033,5.477,5.42758,1.75612,1.56461,1.1996,3.15762,4.52339,6.86807,1.34608,0.66199,0.91677,7.78136,4.29427,3309.169921875,6771.5498046875,19.0,-0.011736830084583816,0.10658124144289749
2025-11-05,3350.98,-0.31,-0.86,-0.36,-0.85,-0.96,2.12,1.19,-0.15,-0.7,-1.18,-3.15,1.11,-0.17,-0.5,-0.14,-0.63,-0.47,2.67,0.56,-0.83,-0.18,-1.76,1.58,-1.55,-1.34,-1.59,0.99,1.85,0.0,-0.53,-1.58,-1.49,0.38,17.19,1.17,1.00283,2.04438,2.3956,1.8287,1.73391,1.93092,0.55231,1.26593,6.60468,2.05576,0.97816,7.76033,2.14649,0.67984,2.0307,2.68409,0.70807,6.8538,1.60252,1.13864,1.23757,5.79033,5.477,5.42758,1.75612,1.56461,1.1996,3.15762,4.52339,6.86807,1.34608,0.66199,0.91677,7.78136,4.29427,3299.75,6796.2900390625,18.010000228881836,0.0036535556982648654,-0.05210525111148234
2025-11-06,3335.93,-0.81,-0.4,-0.75,1.16,-1.51,0.1,0.8,-1.33,1.23,0.4,-0.7,0.02,2.04,2.4,-14.78,1.69,-1.2,1.33,2.95,1.68,1.9,-1.11,-2.42,-1.57,-2.11,-8.04,-1.01,1.49,-0.53,0.12,-0.91,0.94,-0.4,0.56,1.44,1.00283,2.04438,2.3956,1.8287,1.73391,1.93092,0.55231,1.26593,6.60468,2.05576,0.97816,7.76033,2.14649,0.67984,2.0307,2.68409,0.70807,6.8538,1.60252,1.13864,1.23757,5.79033,5.477,5.42758,1.75612,1.56461,1.1996,3.15762,4.52339,6.86807,1.34608,0.66199,0.91677,7.78136,4.29427,3376.77001953125,6720.31982421875,19.5,-0.011178189042419073,0.08273180189796547
2025-11-10,3372.4,1.18,1.19,1.19,-0.25,-5.95,1.71,-1.15,0.81,-0.12,0.43,1.66,0.65,-0.17,3.7,-0.22,0.45,0.57,1.75,3.49,-0.68,1.55,0.17,-3.17,1.23,-0.22,-0.15,0.16,-0.45,2.37,0.37,1.76,1.23,-0.52,0.99,13.62,1.00283,2.04438,2.3956,1.8287,1.73391,1.93092,0.55231,1.26593,6.60468,2.05576,0.97816,7.76033,2.14649,0.67984,2.0307,2.68409,0.70807,6.8538,1.60252,1.13864,1.23757,5.79033,5.477,5.42758,1.75612,1.56461,1.1996,3.15762,4.52339,6.86807,1.34608,0.66199,0.91677,7.78136,4.29427,3354.340087890625,6832.43017578125,17.600000381469727,,
2025-11-11,3389.21,-2.45,-0.46,-0.48,-0.74,-2.8,-1.09,0.68,-0.57,1.08,0.06,0.69,2.04,2.12,-2.22,0.0,1.09,-0.87,-1.83,-0.95,-0.89,1.93,0.77,0.0,-1.28,2.38,-1.37,-0.49,-2.02,-1.73,1.37,-0.97,0.49,1.39,2.48,4.53,1.00283,2.04438,2.3956,1.8287,1.73391,1.93092,0.55231,1.26593,6.60468,2.05576,0.97816,7.76033,2.14649,0.67984,2.0307,2.68409,0.70807,6.8538,1.60252,1.13864,1.23757,5.79033,5.477,5.42758,1.75612,1.56461,1.1996,3.15762,4.52339,6.86807,1.34608,0.66199,0.91677,7.78136,4.29427,3375.610107421875,6846.60986328125,17.280000686645508,0.002075350517340535,-0.018181800448205276
2025-11-12,3434.03,0.72,2.4,-4.01,2.32,-3.6,0.55,1.86,0.73,1.9,0.45,6.93,0.05,1.87,1.78,-3.66,1.76,2.95,1.78,0.3,1.31,1.94,-1.7,0.61,0.84,-1.93,0.59,3.78,-2.63,1.54,2.61,2.66,4.39,-2.06,2.54,4.86,1.00283,2.04438,2.3956,1.8287,1.73391,1.93092,0.55231,1.26593,6.60468,2.05576,0.97816,7.76033,2.14649,0.67984,2.0307,2.68409,0.70807,6.8538,1.60252,1.13864,1.23757,5.79033,5.477,5.42758,1.75612,1.56461,1.1996,3.15762,4.52339,6.86807,1.34608,0.66199,0.91677,7.78136,4.29427,3393.06005859375,6850.919921875,17.510000228881836,0.0006295171887717999,0.013310158165333874
2025-11-13,3434.29,-0.63,0.2,-1.01,-1.03,-2.03,0.6,0.31,0.33,-0.06,-0.98,-1.04,2.95,-0.72,0.32,1.53,-0.57,-0.23,0.3,0.22,-0.2,0.3,1.3,2.77,-1.8,4.61,-2.58,-0.36,0.11,-1.09,-0.5,-0.75,-0.72,0.31,2.47,-1.01,1.00283,2.04438,2.3956,1.8287,1.73391,1.93092,0.55231,1.26593,6.60468,2.05576,0.97816,7.76033,2.14649,0.67984,2.0307,2.68409,0.70807,6.8538,1.60252,1.13864,1.23757,5.79033,5.477,5.42758,1.75612,1.56461,1.1996,3.15762,4.52339,6.86807,1.34608,0.66199,0.91677,7.78136,4.29427,3435.969970703125,6737.490234375,20.0,-0.01655685496159698,0.1422044396670561
2025-11-17,3451.39,0.72,-1.01,0.05,-0.8,0.7,-0.1,1.99,0.0,-1.8,6.97,2.21,-1.03,-1.24,0.0,-0.56,-1.17,-1.96,0.79,1.47,-1.15,-1.69,-1.54,1.91,0.0,-2.23,0.02,-1.75,1.02,3.01,-1.38,-0.77,-0.42,1.44,0.16,0.5,1.00283,2.04438,2.3956,1.8287,1.73391,1.93092,0.55231,1.26593,6.60468,2.05576,0.97816,7.76033,2.14649,0.67984,2.0307,2.68409,0.70807,6.8538,1.60252,1.13864,1.23757,5.79033,5.477,5.42758,1.75612,1.56461,1.1996,3.15762,4.52339,6.86807,1.34608,0.66199,0.91677,7.78136,4.29427,3462.219970703125,6672.41015625,22.3799991607666,,
2025-11-18,3385.71,0.44,-1.33,-4.36,-0.33,-2.04,-1.53,-0.81,-2.13,-0.38,-0.12,-1.76,-2.06,-1.21,-1.1,-1.68,-0.79,0.4,-3.01,-2.1,-1.85,-1.68,0.0,1.25,-1.83,-18.72,-0.15,0.11,-0.34,-2.14,-1.04,-1.23,0.0,0.76,-2.04,-2.15,1.00283,2.04438,2.3956,1.8287,1.73391,1.93092,0.55231,1.26593,6.60468,2.05576,0.97816,7.76033,2.14649,0.67984,2.0307,2.68409,0.70807,6.8538,1.60252,1.13864,1.23757,5.79033,5.477,5.42758,1.75612,1.56461,1.1996,3.15762,4.52339,6.86807,1.34608,0.66199,0.91677,7.78136,4.29427,3413.7099609375,6617.31982421875,24.690000534057617,-0.008256436690967983,0.10321722340993555
2025-11-19,3395.1,-0.28,-1.58,2.07,-1.35,6.33,0.29,0.03,-1.6,0.23,-5.23,0.65,-1.08,0.0,0.8,1.59,2.62,-1.41,1.12,1.11,0.07,1.67,-0.08,-1.87,-2.93,-4.35,0.92,2.38,0.31,0.0,1.72,-2.5,-0.84,0.59,0.38,3.72,1.00283,2.04438,2.3956,1.8287,1.73391,1.93092,0.55231,1.26593,6.60468,2.05576,0.97816,7.76033,2.14649,0.67984,2.0307,2.68409,0.70807,6.8538,1.60252,1.13864,1.23757,5.79033,5.477,5.42758,1.75612,1.56461,1.1996,3.15762,4.52339,6.86807,1.34608,0.66199,0.91677,7.78136,4.29427,3394.739990234375,6642.16015625,23.65999984741211,0.0037538357962292324,-0.041717321359500015
2025-11-20,3359.36,-2.06,-2.13,-0.37,-2.07,0.03,-1.5,-1.56,2.56,-1.81,0.9,-2.76,-1.09,-1.97,-2.61,-1.17,-0.93,-1.95,-1.99,-2.19,-2.59,-2.8,-1.24,-3.93,0.48,-3.58,0.39,0.0,0.79,-1.09,-1.13,-3.14,-1.1,-3.63,-1.01,2.7,1.00283,2.04438,2.3956,1.8287,1.73391,1.93092,0.55231,1.26593,6.60468,2.05576,0.97816,7.76033,2.14649,0.67984,2.0307,2.68409,0.70807,6.8538,1.60252,1.13864,1.23757,5.79033,5.477,5.42758,1.75612,1.56461,1.1996,3.15762,4.52339,6.86807,1.34608,0.66199,0.91677,7.78136,4.29427,3415.169921875,6538.759765625,26.420000076293945,-0.015567283563270418,0.11665258861714323
2025-11-24,3371.41,3.51,1.34,1.38,2.52,3.64,3.98,0.3,2.4,0.53,0.9,2.51,1.2,1.71,4.09,1.07,-1.16,1.32,4.56,4.71,3.31,-0.31,-1.18,-0.56,1.47,2.36,3.01,0.97,0.76,2.95,-0.09,4.31,0.78,-1.27,3.49,2.74,1.00283,2.04438,2.3956,1.8287,1.73391,1.93092,0.55231,1.26593,6.60468,2.05576,0.97816,7.76033,2.14649,0.67984,2.0307,2.68409,0.70807,6.8538,1.60252,1.13864,1.23757,5.79033,5.477,5.42758,1.75612,1.56461,1.1996,3.15762,4.52339,6.86807,1.34608,0.66199,0.91677,7.78136,4.29427,3334.7900390625,6705.1201171875,20.520000457763672,,
2025-11-25,3344.86,-1.57,0.48,0.23,-1.28,1.99,-8.9,-0.58,-0.25,-0.67,-2.54,1.39,1.93,-1.36,-3.77,0.56,0.7,-0.8,-3.66,-3.63,-0.71,0.0,-3.42,2.94,-4.62,-2.33,-0.38,2.46,2.65,-4.01,0.29,0.59,0.94,1.83,0.75,-1.87,1.00283,2.04438,2.3956,1.8287,1.73391,1.93092,0.55231,1.26593,6.60468,2.05576,0.97816,7.76033,2.14649,0.67984,2.0307,2.68409,0.70807,6.8538,1.60252,1.13864,1.23757,5.79033,5.477,5.42758,1.75612,1.56461,1.1996,3.15762,4.52339,6.86807,1.34608,0.66199,0.91677,7.78136,4.29427,3377.969970703125,6765.8798828125,18.559999465942383,0.009061696817220577,-0.09551661540434953
2025-11-26,3374.3,0.0,-0.15,-0.65,0.03,2.99,-0.84,-0.6,-1.85,0.03,1.24,1.94,-1.82,0.5,-0.65,-0.28,-0.01,-2.43,-2.16,-1.58,-0.72,-0.22,0.53,0.12,2.6,-0.32,4.23,0.99,0.11,-2.54,0.58,-0.34,-2.23,1.28,4.24,7.38,1.00283,2.04438,2.3956,1.8287,1.73391,1.93092,0.55231,1.26593,6.60468,2.05576,0.97816,7.76033,2.14649,0.67984,2.0307,2.68409,0.70807,6.8538,1.60252,1.13864,1.23757,5.79033,5.477,5.42758,1.75612,1.56461,1.1996,3.15762,4.52339,6.86807,1.34608,0.66199,0.91677,7.78136,4.29427,3366.800048828125,6812.60986328125,17.190000534057617,0.006906711511012631,-0.07381459974709137
2025-11-27,3390.77,-0.49,-0.99,-0.99,0.23,1.78,-0.48,-1.24,-1.22,0.27,-0.24,1.5,1.36,1.62,-0.66,0.0,0.98,1.1,-0.69,0.99,0.94,1.84,1.06,-0.12,-0.99,-0.79,1.87,0.98,0.35,0.15,0.62,1.38,-7.14,3.39,-0.58,4.01,1.00283,2.04438,2.3956,1.8287,1.73391,1.93092,0.55231,1.26593,6.60468,2.05576,0.97816,7.76033,2.14649,0.67984,2.0307,2.68409,0.70807,6.8538,1.60252,1.13864,1.23757,5.79033,5.477,5.42758,1.75612,1.56461,1.1996,3.15762,4.52339,6.86807,1.34608,0.66199,0.91677,7.78136,4.29427,3375.919921875,,,,
2025-12-01,3429.69,1.07,0.27,0.99,-0.75,-0.58,-2.89,0.81,0.64,1.38,-1.66,1.16,0.13,0.57,-0.66,-0.82,0.67,-1.39,-1.52,-0.08,-0.14,1.84,1.57,-0.18,-2.7,0.84,-0.99,-1.02,-1.04,1.14,0.0,-2.54,2.37,-0.2,-0.78,2.02,1.00283,2.04438,2.3956,1.8287,1.73391,1.93092,0.55231,1.26593,6.60468,2.05576,0.97816,7.76033,2.14649,0.67984,2.0307,2.68409,0.70807,6.8538,1.60252,1.13864,1.23757,5.79033,5.477,5.42758,1.75612,1.56461,1.1996,3.15762,4.52339,6.86807,1.34608,0.66199,0.91677,7.78136,4.29427,3408.25,6812.6298828125,17.239999771118164,,
2025-12-02,3495.1,-0.37,-2.42,1.3,0.86,5.92,2.98,-1.78,0.89,1.04,1.0,2.38,3.05,1.29,2.89,1.95,2.23,0.1,4.3,1.43,0.35,0.39,0.77,3.83,2.33,1.44,3.8,3.64,1.27,0.53,1.85,4.24,0.8,3.57,1.26,6.84,1.00283,2.04438,2.3956,1.8287,1.73391,1.93092,0.55231,1.26593,6.60468,2.05576,0.97816,7.76033,2.14649,0.67984,2.0307,2.68409,0.70807,6.8538,1.60252,1.13864,1.23757,5.79033,5.477,5.42758,1.75612,1.56461,1.1996,3.15762,4.52339,6.86807,1.34608,0.66199,0.91677,7.78136,4.29427,3440.030029296875,6829.3701171875,16.59000015258789,0.002457235261999813,-0.03770299461483784
2025-12-03,3467.16,0.12,-1.05,-0.23,0.76,0.53,2.01,0.02,1.52,-0.26,0.42,1.2,1.89,-0.04,0.24,-7.69,-0.72,0.79,0.0,0.07,0.35,-1.28,-0.51,-1.35,-2.21,-2.5,-2.02,-0.93,-2.12,0.08,-0.94,-0.57,0.51,1.67,1.72,-6.64,1.00283,2.04438,2.3956,1.8287,1.73391,1.93092,0.55231,1.26593,6.60468,2.05576,0.97816,7.76033,2.14649,0.67984,2.0307,2.68409,0.70807,6.8538,1.60252,1.13864,1.23757,5.79033,5.477,5.42758,1.75612,1.56461,1.1996,3.15762,4.52339,6.86807,1.34608,0.66199,0.91677,7.78136,4.29427,3493.06005859375,6849.72021484375,16.079999923706055,0.0029797912994984355,-0.03074142400187263
2025-12-04,3506.55,-0.73,0.03,1.18,-1.3,3.08,-2.08,0.42,-2.99,1.43,2.55,-1.7,0.7,1.27,0.24,0.12,2.14,-1.01,-0.79,-0.59,-1.26,0.91,-0.94,0.24,1.31,-0.15,2.46,-0.87,2.0,-0.6,2.29,-0.34,0.73,2.23,2.97,2.45,1.00283,2.04438,2.3956,1.8287,1.73391,1.93092,0.55231,1.26593,6.60468,2.05576,0.97816,7.76033,2.14649,0.67984,2.0307,2.68409,0.70807,6.8538,1.60252,1.13864,1.23757,5.79033,5.477,5.42758,1.75612,1.56461,1.1996,3.15762,4.52339,6.86807,1.34608,0.66199,0.91677,7.78136,4.29427,3502.820068359375,6857.1201171875,15.779999732971191,0.0010803218396737702,-0.01865672836805088
2025-12-08,3548.5,0.16,-1.22,-0.37,0.68,-0.16,2.59,-0.27,-1.65,-0.69,0.11,-1.37,-1.01,0.54,4.19,-1.13,0.03,0.87,3.85,4.61,0.0,0.76,2.16,-1.2,0.07,-4.56,1.56,-1.76,-1.84,3.88,0.13,-0.54,0.65,-1.31,-2.16,3.22,1.00283,2.04438,2.3956,1.8287,1.73391,1.93092,0.55231,1.26593,6.60468,2.05576,0.97816,7.76033,2.14649,0.67984,2.0307,2.68409,0.70807,6.8538,1.60252,1.13864,1.23757,5.79033,5.477,5.42758,1.75612,1.56461,1.1996,3.15762,4.52339,6.86807,1.34608,0.66199,0.91677,7.78136,4.29427,3541.22998046875,6846.509765625,16.65999984741211,,
2025-12-09,3569.04,-0.94,0.83,0.09,0.32,-0.18,0.15,1.46,0.75,-1.44,4.29,-0.54,0.44,-0.81,-0.15,-1.75,-1.09,-0.84,-0.75,0.91,-0.56,-0.72,-0.84,3.83,0.5,4.51,-1.17,-0.33,1.03,-1.01,-0.15,1.53,-1.14,0.57,2.75,4.02,1.00283,2.04438,2.3956,1.8287,1.73391,1.93092,0.55231,1.26593,6.60468,2.05576,0.97816,7.76033,2.14649,0.67984,2.0307,2.68409,0.70807,6.8538,1.60252,1.13864,1.23757,5.79033,5.477,5.42758,1.75612,1.56461,1.1996,3.15762,4.52339,6.86807,1.34608,0.66199,0.91677,7.78136,4.29427,3550.360107421875,6840.509765625,16.93000030517578,-0.0008763589340257116,0.016206510218282677
2025-12-10,3604.65,0.7,-1.1,-0.77,-0.95,0.92,3.16,-1.83,-1.38,1.69,-0.4,-1.4,-1.6,1.44,3.13,-2.39,2.16,-2.14,2.42,3.25,-1.2,1.15,2.21,-2.28,0.78,-1.46,2.15,-0.88,0.39,3.12,1.4,0.91,-0.25,-0.28,0.86,3.81,1.00283,2.04438,2.3956,1.8287,1.73391,1.93092,0.55231,1.26593,6.60468,2.05576,0.97816,7.76033,2.14649,0.67984,2.0307,2.68409,0.70807,6.8538,1.60252,1.13864,1.23757,5.79033,5.477,5.42758,1.75612,1.56461,1.1996,3.15762,4.52339,6.86807,1.34608,0.66199,0.91677,7.78136,4.29427,3570.43994140625,6886.68017578125,15.770000457763672,0.00674955693920154,-0.06851741444195236
2025-12-11,3631.85,1.64,2.16,-0.34,1.68,-0.65,0.61,1.67,3.19,0.61,1.29,0.87,1.7,0.57,0.14,2.14,0.19,2.03,1.68,1.81,3.21,0.5,0.0,0.72,1.82,2.43,-1.64,0.78,1.6,0.21,0.92,2.23,0.81,2.18,2.0,-1.74,1.00283,2.04438,2.3956,1.8287,1.73391,1.93092,0.55231,1.26593,6.60468,2.05576,0.97816,7.76033,2.14649,0.67984,2.0307,2.68409,0.70807,6.8538,1.60252,1.13864,1.23757,5.79033,5.477,5.42758,1.75612,1.56461,1.1996,3.15762,4.52339,6.86807,1.34608,0.66199,0.91677,7.78136,4.29427,3595.860107421875,6901.0,14.850000381469727,0.002079350841514227,-0.05833862077290075
2025-12-15,3595.63,-2.55,-1.12,0.75,-1.71,0.39,-1.01,-3.19,-3.13,-1.44,-1.02,-1.72,-0.03,0.5,-1.0,-0.81,-1.73,-2.2,-0.96,2.66,-1.58,-0.04,-2.62,-1.9,3.56,-3.0,1.67,1.23,-1.25,-1.52,0.8,-0.63,-1.59,0.0,0.83,0.47,1.00283,2.04438,2.3956,1.8287,1.73391,1.93092,0.55231,1.26593,6.60468,2.05576,0.97816,7.76033,2.14649,0.67984,2.0307,2.68409,0.70807,6.8538,1.60252,1.13864,1.23757,5.79033,5.477,5.42758,1.75612,1.56461,1.1996,3.15762,4.52339,6.86807,1.34608,0.66199,0.91677,7.78136,4.29427,3624.989990234375,6816.509765625,16.5,,
2025-12-16,3607.33,1.87,1.55,0.0,1.92,-0.17,1.99,-1.76,0.0,0.08,0.73,1.43,0.27,1.0,-0.86,0.94,0.03,1.62,1.72,1.08,1.95,0.21,-0.69,-0.73,17.46,-0.32,0.09,0.66,0.6,0.0,-1.7,-0.77,0.74,1.49,-0.11,-1.77,1.00283,2.04438,2.3956,1.8287,1.73391,1.93092,0.55231,1.26593,6.60468,2.05576,0.97816,7.76033,2.14649,0.67984,2.0307,2.68409,0.70807,6.8538,1.60252,1.13864,1.23757,5.79033,5.477,5.42758,1.75612,1.56461,1.1996,3.15762,4.52339,6.86807,1.34608,0.66199,0.91677,7.78136,4.29427,3574.8701171875,6800.259765625,16.479999542236328,-0.0023839179519623555,-0.0012121489553740261
2025-12-17,3635.08,0.61,0.53,-0.36,-0.37,-3.49,1.81,0.77,-0.18,1.04,6.2,0.31,0.24,0.99,2.25,-1.68,0.36,-0.65,1.78,2.44,-0.27,0.04,-0.52,1.71,7.54,2.2,-1.6,2.74,-3.88,1.9,-0.44,0.88,0.1,0.55,0.69,-0.13,1.00283,2.04438,2.3956,1.8287,1.73391,1.93092,0.55231,1.26593,6.60468,2.05576,0.97816,7.76033,2.14649,0.67984,2.0307,2.68409,0.70807,6.8538,1.60252,1.13864,1.23757,5.79033,5.477,5.42758,1.75612,1.56461,1.1996,3.15762,4.52339,6.86807,1.34608,0.66199,0.91677,7.78136,4.29427,3614.25,6721.43017578125,17.6200008392334,-0.011592143912241393,0.06917483790429602
2025-12-18,3661.68,1.46,1.51,-0.38,2.33,-3.62,1.73,2.34,1.99,1.17,-1.14,3.45,3.44,1.32,1.42,2.15,0.59,0.65,1.05,2.99,2.4,0.63,1.32,1.98,4.49,0.71,-0.87,4.2,2.05,-0.34,0.57,-0.13,0.57,0.0,-0.63,0.8,1.00283,2.04438,2.3956,1.8287,1.73391,1.93092,0.55231,1.26593,6.60468,2.05576,0.97816,7.76033,2.14649,0.67984,2.0307,2.68409,0.70807,6.8538,1.60252,1.13864,1.23757,5.79033,5.477,5.42758,1.75612,1.56461,1.1996,3.15762,4.52339,6.86807,1.34608,0.66199,0.91677,7.78136,4.29427,3637.320068359375,6774.759765625,16.8700008392334,0.007934262269941872,-0.04256526471497213
2025-12-22,3708.78,0.16,-0.76,2.01,0.23,1.2,-0.6,-0.62,-1.38,1.35,0.92,1.56,-0.02,1.05,0.62,1.49,1.5,-0.37,1.26,1.45,-0.47,1.36,1.21,1.97,-7.02,1.68,0.84,0.86,0.2,-0.68,1.73,2.74,0.0,0.0,2.62,-2.1,1.00283,2.04438,2.3956,1.8287,1.73391,1.93092,0.55231,1.26593,6.60468,2.05576,0.97816,7.76033,2.14649,0.67984,2.0307,2.68409,0.70807,6.8538,1.60252,1.13864,1.23757,5.79033,5.477,5.42758,1.75612,1.56461,1.1996,3.15762,4.52339,6.86807,1.34608,0.66199,0.91677,7.78136,4.29427,3686.800048828125,6878.490234375,14.079999923706055,,
2025-12-23,3711.25,1.05,0.52,-1.18,-0.39,1.48,-2.12,1.4,1.66,-1.2,2.61,4.38,1.9,-1.56,-2.53,0.8,-2.18,0.23,-2.0,-2.01,-0.07,-0.88,0.34,2.33,-0.21,-1.15,-0.46,1.93,2.41,-1.99,-1.3,1.28,1.02,-1.54,1.52,2.96,1.00283,2.04438,2.3956,1.8287,1.73391,1.93092,0.55231,1.26593,6.60468,2.05576,0.97816,7.76033,2.14649,0.67984,2.0307,2.68409,0.70807,6.8538,1.60252,1.13864,1.23757,5.79033,5.477,5.42758,1.75612,1.56461,1.1996,3.15762,4.52339,6.86807,1.34608,0.66199,0.91677,7.78136,4.29427,3705.820068359375,6909.7900390625,14.0,0.004550388765703239,-0.005681812794001595
2025-12-24,3719.65,1.04,2.22,1.81,0.74,1.69,-2.08,2.23,1.86,-0.47,0.31,1.05,1.49,-1.7,-1.19,3.71,-0.96,1.38,-0.68,-1.93,0.0,-0.97,1.61,2.06,2.16,2.52,1.07,0.0,-0.22,-0.07,-1.2,2.92,1.28,1.2,0.5,0.0,1.00283,2.04438,2.3956,1.8287,1.73391,1.93092,0.55231,1.26593,6.60468,2.05576,0.97816,7.76033,2.14649,0.67984,2.0307,2.68409,0.70807,6.8538,1.60252,1.13864,1.23757,5.79033,5.477,5.42758,1.75612,1.56461,1.1996,3.15762,4.52339,6.86807,1.34608,0.66199,0.91677,7.78136,4.29427,3720.1201171875,6932.0498046875,13.470000267028809,0.0032214822012188726,-0.03785712378365658
2025-12-25,3603.38,-3.71,-2.5,-3.67,-2.95,-1.52,-6.05,-2.39,-1.0,-5.52,-2.69,-3.81,-5.77,-4.83,-7.59,4.75,-3.48,-1.97,-7.48,-7.27,-0.67,-4.85,-3.93,-1.58,1.39,-1.85,-2.45,-1.0,-0.74,-6.29,-4.03,-4.38,-3.33,-3.18,-0.79,-1.18,1.00283,2.04438,2.3956,1.8287,1.73391,1.93092,0.55231,1.26593,6.60468,2.05576,0.97816,7.76033,2.14649,0.67984,2.0307,2.68409,0.70807,6.8538,1.60252,1.13864,1.23757,5.79033,5.477,5.42758,1.75612,1.56461,1.1996,3.15762,4.52339,6.86807,1.34608,0.66199,0.91677,7.78136,4.29427,3705.679931640625,,,,
2025-12-29,3627.18,0.04,-1.18,-0.44,-0.76,-1.69,1.06,-2.16,-3.23,0.71,-0.96,-0.29,0.81,2.46,1.63,0.0,1.5,-0.74,2.36,4.49,0.07,2.35,-1.19,-2.0,-3.32,1.85,-1.14,-2.0,-0.8,2.64,2.02,0.0,0.38,0.64,-0.89,-1.06,1.00283,2.04438,2.3956,1.8287,1.73391,1.93092,0.55231,1.26593,6.60468,2.05576,0.97816,7.76033,2.14649,0.67984,2.0307,2.68409,0.70807,6.8538,1.60252,1.13864,1.23757,5.79033,5.477,5.42758,1.75612,1.56461,1.1996,3.15762,4.52339,6.86807,1.34608,0.66199,0.91677,7.78136,4.29427,3614.429931640625,6905.740234375,14.199999809265137,,
2025-12-30,3661.17,1.05,8.71,0.0,2.46,1.57,-1.19,1.51,0.75,0.53,1.01,3.15,0.48,1.08,-1.22,0.68,1.27,2.01,-1.07,-1.52,0.94,-0.44,1.54,1.66,5.52,-0.8,1.82,0.58,0.06,-1.54,1.05,0.55,1.0,0.0,0.4,2.76,1.00283,2.04438,2.3956,1.8287,1.73391,1.93092,0.55231,1.26593,6.60468,2.05576,0.97816,7.76033,2.14649,0.67984,2.0307,2.68409,0.70807,6.8538,1.60252,1.13864,1.23757,5.79033,5.477,5.42758,1.75612,1.56461,1.1996,3.15762,4.52339,6.86807,1.34608,0.66199,0.91677,7.78136,4.29427,3628.97998046875,6896.240234375,14.329999923706055,-0.0013756671519022934,0.009154937759653814
2025-12-31,3631.55,0.0,1.72,0.14,0.35,-2.0,-0.53,0.15,0.0,-1.46,-0.75,0.63,0.06,-0.95,-4.02,2.69,0.29,0.32,-2.01,-0.83,3.93,-1.46,-1.69,-2.12,3.6,-0.97,-1.01,2.81,-2.85,-1.72,-1.27,1.0,-1.22,1.19,0.2,-5.45,1.00283,2.04438,2.3956,1.8287,1.73391,1.93092,0.55231,1.26593,6.60468,2.05576,0.97816,7.76033,2.14649,0.67984,2.0307,2.68409,0.70807,6.8538,1.60252,1.13864,1.23757,5.79033,5.477,5.42758,1.75612,1.56461,1.1996,3.15762,4.52339,6.86807,1.34608,0.66199,0.91677,7.78136,4.29427,3648.56005859375,6845.5,14.949999809265137,-0.007357666300846111,0.04326586802930965
2026-01-01,3695.29,0.04,1.72,0.59,0.0,-0.88,0.88,1.13,1.6,4.41,1.43,3.59,-0.48,3.07,0.16,0.55,3.42,3.19,-2.35,4.08,-1.86,4.77,2.06,2.16,9.58,1.74,-1.76,4.16,1.0,2.43,3.32,-0.29,2.99,-2.25,-1.36,0.94,0.9128,1.9083,2.41477,1.78637,1.46571,2.10692,0.43839,1.1498,6.21299,2.78099,6.94658,1.95278,0.69881,2.12983,1.90626,6.93474,1.34259,1.4239,1.27938,1.26911,5.12317,3.29523,4.69452,1.759,1.44003,1.85533,1.59013,3.03224,4.5403,7.19877,1.19148,0.67236,0.92814,9.45975,6.15854,3595.68994140625,,,,
2026-01-05,3738.33,6.84,3.16,1.81,5.77,11.61,1.98,0.07,11.9,-1.84,5.27,4.67,6.11,-0.93,4.9,-3.75,-2.2,6.45,4.18,2.36,2.61,-1.97,-4.88,1.74,-2.65,-0.25,11.72,3.49,1.69,2.22,-2.35,9.62,3.35,2.21,-2.82,-0.93,0.9128,1.9083,2.41477,1.78637,1.46571,2.10692,0.43839,1.1498,6.21299,2.78099,6.94658,1.95278,0.69881,2.12983,1.90626,6.93474,1.34259,1.4239,1.27938,1.26911,5.12317,3.29523,4.69452,1.759,1.44003,1.85533,1.59013,3.03224,4.5403,7.19877,1.19148,0.67236,0.92814,9.45975,6.15854,3755.050048828125,6902.0498046875,14.899999618530273,,
2026-01-06,3845.39,0.0,1.77,-0.52,-1.14,10.85,0.52,-0.41,3.83,3.09,2.02,3.31,1.31,1.84,-0.46,0.34,3.48,-0.44,-0.59,0.67,0.06,3.55,-1.06,1.49,6.83,2.92,5.91,0.0,1.06,1.81,4.13,0.79,-1.35,-0.81,6.6,4.8,0.9128,1.9083,2.41477,1.78637,1.46571,2.10692,0.43839,1.1498,6.21299,2.78099,6.94658,1.95278,0.69881,2.12983,1.90626,6.93474,1.34259,1.4239,1.27938,1.26911,5.12317,3.29523,4.69452,1.759,1.44003,1.85533,1.59013,3.03224,4.5403,7.19877,1.19148,0.67236,0.92814,9.45975,6.15854,3759.739990234375,6944.81982421875,14.75,0.006196712678341321,-0.010067088749702191
2026-01-07,3845.78,0.0,2.86,0.87,-0.6,0.95,-2.21,-3.45,-2.44,0.31,4.14,-2.71,1.26,0.31,-0.08,-0.68,0.9,-0.33,-2.01,-1.99,2.74,1.44,-6.53,-0.11,-0.59,-0.59,-1.28,-3.2,1.43,-1.64,0.28,-0.03,1.46,-0.45,-0.1,-1.05,0.9128,1.9083,2.41477,1.78637,1.46571,2.10692,0.43839,1.1498,6.21299,2.78099,6.94658,1.95278,0.69881,2.12983,1.90626,6.93474,1.34259,1.4239,1.27938,1.26911,5.12317,3.29523,4.69452,1.759,1.44003,1.85533,1.59013,3.03224,4.5403,7.19877,1.19148,0.67236,0.92814,9.45975,6.15854,3848.590087890625,6920.93017578125,15.380000114440918,-0.003439923431013958,0.042711872165486
2026-01-08,3830.54,0.67,2.73,0.0,0.2,-5.14,0.67,-1.58,-0.58,-0.14,3.14,1.01,0.94,-0.57,0.0,0.11,-0.18,0.36,0.81,0.0,-0.19,-0.63,-0.96,-0.53,3.87,0.32,-3.38,-1.63,-0.41,0.07,-1.09,-0.75,-2.48,-0.73,0.19,-6.08,0.9128,1.9083,2.41477,1.78637,1.46571,2.10692,0.43839,1.1498,6.21299,2.78099,6.94658,1.95278,0.69881,2.12983,1.90626,6.93474,1.34259,1.4239,1.27938,1.26911,5.12317,3.29523,4.69452,1.759,1.44003,1.85533,1.59013,3.03224,4.5403,7.19877,1.19148,0.67236,0.92814,9.45975,6.15854,3835.949951171875,6921.4599609375,15.449999809265137,7.65482590914246e-05,0.004551345533378326
2026-01-09,3857.77,0.07,-0.57,-0.62,0.54,3.18,0.72,1.37,0.61,1.31,-2.35,1.51,-0.21,1.46,-1.31,0.11,1.24,-0.97,-0.23,-0.98,-0.19,1.01,3.67,1.32,-3.24,-0.67,1.82,-0.99,-1.31,1.59,2.2,-0.32,1.67,-0.18,0.78,4.82,0.9128,1.9083,2.41477,1.78637,1.46571,2.10692,0.43839,1.1498,6.21299,2.78099,6.94658,1.95278,0.69881,2.12983,1.90626,6.93474,1.34259,1.4239,1.27938,1.26911,5.12317,3.29523,4.69452,1.759,1.44003,1.85533,1.59013,3.03224,4.5403,7.19877,1.19148,0.67236,0.92814,9.45975,6.15854,3834.320068359375,6966.27978515625,14.489999771118164,0.006475487031883276,-0.062135925566243366
2026-01-12,3884.13,-0.07,0.64,-0.28,-1.46,2.17,-0.52,-0.74,2.41,-1.27,7.57,-0.99,-1.86,-1.9,0.47,-2.94,0.21,0.29,-1.96,-1.43,0.44,-0.83,2.05,-0.47,5.56,-1.52,5.03,1.29,2.65,0.07,-0.21,-1.5,-0.33,0.46,0.0,-0.81,0.9128,1.9083,2.41477,1.78637,1.46571,2.10692,0.43839,1.1498,6.21299,2.78099,6.94658,1.95278,0.69881,2.12983,1.90626,6.93474,1.34259,1.4239,1.27938,1.26911,5.12317,3.29523,4.69452,1.759,1.44003,1.85533,1.59013,3.03224,4.5403,7.19877,1.19148,0.67236,0.92814,9.45975,6.15854,3845.780029296875,6977.27001953125,15.119999885559082,0.001577633215136931,0.04347826945426525
2026-01-13,3866.86,-0.89,1.52,-1.52,0.82,6.37,-1.53,1.32,-3.17,-0.89,-2.89,2.62,-2.95,-1.01,-1.32,-0.87,-0.44,0.0,-1.54,-1.32,-0.74,-0.67,-0.82,0.31,-2.38,0.58,0.46,-0.99,3.52,-1.42,-0.38,0.06,-0.12,0.64,-2.6,2.41,0.9128,1.9083,2.41477,1.78637,1.46571,2.10692,0.43839,1.1498,6.21299,2.78099,6.94658,1.95278,0.69881,2.12983,1.90626,6.93474,1.34259,1.4239,1.27938,1.26911,5.12317,3.29523,4.69452,1.759,1.44003,1.85533,1.59013,3.03224,4.5403,7.19877,1.19148,0.67236,0.92814,9.45975,6.15854,3889.909912109375,6963.740234375,15.979999542236328,-0.0019391230550597216,0.056878284602278395
2026-01-14,3928.48,0.0,1.98,2.39,-1.63,-5.52,4.21,1.46,-0.4,3.61,1.5,-1.46,0.13,3.52,2.68,1.35,3.52,-2.0,2.89,2.24,0.31,3.16,1.66,-0.37,2.31,0.74,1.63,1.29,-1.61,3.97,3.36,-3.3,0.02,2.28,0.69,0.41,0.9128,1.9083,2.41477,1.78637,1.46571,2.10692,0.43839,1.1498,6.21299,2.78099,6.94658,1.95278,0.69881,2.12983,1.90626,6.93474,1.34259,1.4239,1.27938,1.26911,5.12317,3.29523,4.69452,1.759,1.44003,1.85533,1.59013,3.03224,4.5403,7.19877,1.19148,0.67236,0.92814,9.45975,6.15854,3877.330078125,6926.60009765625,16.75,-0.005333360445499591,0.04818526156577807
2026-01-15,3963.43,-0.49,-0.38,-0.37,-0.86,7.6,0.88,-3.08,1.34,0.92,1.63,-0.93,-0.87,0.75,2.3,0.52,0.8,-0.05,2.3,3.38,1.24,0.61,-2.9,-1.21,-2.38,-2.74,8.23,-1.69,-2.08,0.28,1.07,0.34,-1.75,2.94,-0.49,3.78,0.9128,1.9083,2.41477,1.78637,1.46571,2.10692,0.43839,1.1498,6.21299,2.78099,6.94658,1.95278,0.69881,2.12983,1.90626,6.93474,1.34259,1.4239,1.27938,1.26911,5.12317,3.29523,4.69452,1.759,1.44003,1.85533,1.59013,3.03224,4.5403,7.19877,1.19148,0.67236,0.92814,9.45975,6.15854,3945.3798828125,6944.47021484375,15.84000015258789,0.0025799262171273263,-0.054328349099230455
2026-01-16,3971.91,1.36,2.81,1.75,1.11,0.76,0.64,0.6,-0.02,0.38,-0.53,-0.06,0.95,-0.52,1.12,-2.6,-0.29,0.95,0.59,1.15,0.55,0.93,0.65,2.28,0.41,1.53,-0.04,-1.06,0.11,0.28,-0.21,0.92,-0.1,2.08,0.0,-1.27,0.9128,1.9083,2.41477,1.78637,1.46571,2.10692,0.43839,1.1498,6.21299,2.78099,6.94658,1.95278,0.69881,2.12983,1.90626,6.93474,1.34259,1.4239,1.27938,1.26911,5.12317,3.29523,4.69452,1.759,1.44003,1.85533,1.59013,3.03224,4.5403,7.19877,1.19148,0.67236,0.92814,9.45975,6.15854,3965.669921875,6940.009765625,15.859999656677246,-0.0006423023039563436,0.0012625949429734273
2026-01-19,3968.81,-0.89,-1.3,2.17,-1.68,-1.52,0.64,-0.12,-1.18,-0.83,0.9,8.23,-1.84,-0.23,1.33,-1.95,-0.48,-0.11,-0.79,0.0,-1.47,-1.81,0.28,-3.12,7.69,-5.19,-0.31,-1.16,1.13,1.45,0.06,-2.83,-0.73,0.08,-1.68,0.48,0.9128,1.9083,2.41477,1.78637,1.46571,2.10692,0.43839,1.1498,6.21299,2.78099,6.94658,1.95278,0.69881,2.12983,1.90626,6.93474,1.34259,1.4239,1.27938,1.26911,5.12317,3.29523,4.69452,1.759,1.44003,1.85533,1.59013,3.03224,4.5403,7.19877,1.19148,0.67236,0.92814,9.45975,6.15854,3937.659912109375,,,,
2026-01-20,3948.41,-1.8,-0.26,-0.81,0.14,3.23,-1.0,-0.71,-1.48,-1.62,0.31,-2.13,-0.45,-1.02,-1.32,0.36,-1.37,-2.01,-1.91,-3.47,-1.98,-1.43,1.94,-0.48,-2.26,2.14,4.28,1.66,-1.84,-1.09,-2.11,-3.85,-0.83,-1.1,-0.17,-0.08,0.9128,1.9083,2.41477,1.78637,1.46571,2.10692,0.43839,1.1498,6.21299,2.78099,6.94658,1.95278,0.69881,2.12983,1.90626,6.93474,1.34259,1.4239,1.27938,1.26911,5.12317,3.29523,4.69452,1.759,1.44003,1.85533,1.59013,3.03224,4.5403,7.19877,1.19148,0.67236,0.92814,9.45975,6.15854,3964.030029296875,6796.85986328125,20.09000015258789,,
2026-01-21,3932.19,-3.06,-0.59,-1.43,-2.16,-3.24,-2.34,0.63,-1.17,-0.44,-1.43,-2.06,-2.11,-0.5,-2.0,0.78,-0.59,-2.42,-3.54,-2.23,-2.09,-0.75,-0.54,-1.94,-0.19,0.96,0.0,3.81,2.52,-2.48,-0.8,-0.75,-0.79,-0.51,0.37,5.23,0.9128,1.9083,2.41477,1.78637,1.46571,2.10692,0.43839,1.1498,6.21299,2.78099,6.94658,1.95278,0.69881,2.12983,1.90626,6.93474,1.34259,1.4239,1.27938,1.26911,5.12317,3.29523,4.69452,1.759,1.44003,1.85533,1.59013,3.03224,4.5403,7.19877,1.19148,0.67236,0.92814,9.45975,6.15854,3958.429931640625,6875.6201171875,16.899999618530273,0.011587741323274559,-0.1587854907829206
2026-01-22,3973.26,0.83,1.51,3.52,1.32,0.11,3.43,-0.65,2.94,1.69,-1.37,1.74,2.67,0.96,2.72,-0.12,0.76,1.39,3.19,4.37,0.13,2.6,1.37,2.2,3.28,1.4,0.17,3.29,2.91,3.67,0.13,1.28,1.35,1.89,-0.75,-1.14,0.9128,1.9083,2.41477,1.78637,1.46571,2.10692,0.43839,1.1498,6.21299,2.78099,6.94658,1.95278,0.69881,2.12983,1.90626,6.93474,1.34259,1.4239,1.27938,1.26911,5.12317,3.29523,4.69452,1.759,1.44003,1.85533,1.59013,3.03224,4.5403,7.19877,1.19148,0.67236,0.92814,9.45975,6.15854,3958.179931640625,6913.35009765625,15.640000343322754,0.005487502192628835,-0.07455617181351726
2026-01-23,3986.63,-0.51,0.68,-0.27,-0.2,-0.04,3.18,2.54,-0.58,-1.28,2.98,2.19,-0.15,-0.57,2.8,-0.12,-1.62,0.12,2.28,1.52,-1.29,-0.86,0.72,3.12,0.52,-3.24,0.94,2.61,0.51,2.04,-0.32,3.56,0.79,1.1,0.36,-1.8,0.9128,1.9083,2.41477,1.78637,1.46571,2.10692,0.43839,1.1498,6.21299,2.78099,6.94658,1.95278,0.69881,2.12983,1.90626,6.93474,1.34259,1.4239,1.27938,1.26911,5.12317,3.29523,4.69452,1.759,1.44003,1.85533,1.59013,3.03224,4.5403,7.19877,1.19148,0.67236,0.92814,9.45975,6.15854,3963.22998046875,6915.60986328125,16.09000015258789,0.0003268698377891788,0.02877236568970143
2026-01-26,4005.65,-0.94,0.02,0.58,0.72,0.46,-1.94,-0.13,-0.05,2.18,-2.19,3.41,-0.36,2.44,-0.29,1.8,2.22,-0.26,-1.12,-1.73,0.33,1.61,1.79,2.45,1.89,3.95,-0.5,2.98,-1.02,-1.93,1.3,-3.75,1.81,0.84,-0.5,-0.07,0.9128,1.9083,2.41477,1.78637,1.46571,2.10692,0.43839,1.1498,6.21299,2.78099,6.94658,1.95278,0.69881,2.12983,1.90626,6.93474,1.34259,1.4239,1.27938,1.26911,5.12317,3.29523,4.69452,1.759,1.44003,1.85533,1.59013,3.03224,4.5403,7.19877,1.19148,0.67236,0.92814,9.45975,6.15854,4001.169921875,6950.22998046875,16.149999618530273,0.005006083031276365,0.0037289910113973423
2026-01-27,4009.36,0.36,0.6,-0.59,-0.88,-0.39,-2.16,-0.12,-1.62,0.19,1.43,-0.84,-1.96,-0.15,-0.65,0.24,-0.53,-0.09,-3.26,-0.91,-0.65,-0.32,-0.7,0.41,5.1,-2.4,2.32,0.68,0.31,-0.75,0.44,-0.81,-1.44,-1.91,0.46,0.27,0.9128,1.9083,2.41477,1.78637,1.46571,2.10692,0.43839,1.1498,6.21299,2.78099,6.94658,1.95278,0.69881,2.12983,1.90626,6.93474,1.34259,1.4239,1.27938,1.26911,5.12317,3.29523,4.69452,1.759,1.44003,1.85533,1.59013,3.03224,4.5403,7.19877,1.19148,0.67236,0.92814,9.45975,6.15854,4008.550048828125,6978.60009765625,16.350000381469727,0.004081896177137168,0.012383948462139527
2026-01-28,3980.54,-1.42,-2.23,2.66,0.66,1.3,-0.32,2.18,-2.15,-2.39,0.0,0.51,-0.29,-1.64,-2.46,-1.0,-2.18,-1.17,-1.71,-2.95,-1.7,-1.22,4.24,-0.61,5.72,-1.38,-0.5,-2.14,0.28,-1.37,-2.14,-1.01,-1.34,-0.93,-0.65,-0.37,0.9128,1.9083,2.41477,1.78637,1.46571,2.10692,0.43839,1.1498,6.21299,2.78099,6.94658,1.95278,0.69881,2.12983,1.90626,6.93474,1.34259,1.4239,1.27938,1.26911,5.12317,3.29523,4.69452,1.759,1.44003,1.85533,1.59013,3.03224,4.5403,7.19877,1.19148,0.67236,0.92814,9.45975,6.15854,4034.47998046875,6978.02978515625,16.350000381469727,-8.172305219089626e-05,0.0
2026-01-29,3978.87,-1.96,0.09,0.2,-1.3,0.39,1.47,1.32,-3.45,-1.54,-0.55,1.57,-1.08,-0.46,2.22,0.36,-1.02,-1.89,2.11,2.78,-1.93,-1.19,0.59,1.27,-3.93,-4.58,0.11,1.76,2.05,2.15,-1.11,-0.46,0.54,-1.88,2.82,-0.22,0.9128,1.9083,2.41477,1.78637,1.46571,2.10692,0.43839,1.1498,6.21299,2.78099,6.94658,1.95278,0.69881,2.12983,1.90626,6.93474,1.34259,1.4239,1.27938,1.26911,5.12317,3.29523,4.69452,1.759,1.44003,1.85533,1.59013,3.03224,4.5403,7.19877,1.19148,0.67236,0.92814,9.45975,6.15854,4009.280029296875,6969.009765625,16.8799991607666,-0.001292631274007694,0.032415826723621866
2026-01-30,4003.67,-1.47,-1.81,1.84,-1.35,3.33,2.91,1.08,0.23,2.6,-2.2,-2.76,-0.23,0.69,3.41,-0.35,0.9,-1.92,3.2,2.77,-1.22,1.42,1.43,-0.05,-4.81,-0.72,3.49,-0.99,-1.48,2.65,1.26,-0.66,-1.77,1.83,-0.69,3.64,0.9128,1.9083,2.41477,1.78637,1.46571,2.10692,0.43839,1.1498,6.21299,2.78099,6.94658,1.95278,0.69881,2.12983,1.90626,6.93474,1.34259,1.4239,1.27938,1.26911,5.12317,3.29523,4.69452,1.759,1.44003,1.85533,1.59013,3.03224,4.5403,7.19877,1.19148,0.67236,0.92814,9.45975,6.15854,3973.989990234375,6939.02978515625,17.440000534057617,-0.004301899620894223,0.03317543845574367
2026-02-02,4049.32,2.49,0.72,-1.15,2.89,-5.21,2.51,2.55,2.58,1.28,-0.82,3.01,0.48,3.37,6.03,-1.01,0.64,2.08,2.65,4.43,2.82,1.19,-2.08,2.22,-1.18,0.6,-7.6,0.53,0.18,2.65,1.39,-0.1,4.35,0.77,6.93,2.37,0.9128,1.9083,2.41477,1.78637,1.46571,2.10692,0.43839,1.1498,6.21299,2.78099,6.94658,1.95278,0.69881,2.12983,1.90626,6.93474,1.34259,1.4239,1.27938,1.26911,5.12317,3.29523,4.69452,1.759,1.44003,1.85533,1.59013,3.03224,4.5403,7.19877,1.19148,0.67236,0.92814,9.45975,6.15854,3972.10009765625,6976.43994140625,16.34000015258789,0.00539126612916796,-0.06307341443720693
2026-02-03,4119.81,0.0,2.47,2.52,1.21,-2.01,3.01,2.3,1.85,0.92,0.57,5.35,1.29,2.01,4.16,1.74,0.17,1.32,7.29,1.49,0.0,1.06,0.08,2.27,5.01,0.54,-1.61,5.89,1.68,5.81,1.26,3.11,1.84,0.0,5.09,-2.76,0.9128,1.9083,2.41477,1.78637,1.46571,2.10692,0.43839,1.1498,6.21299,2.78099,6.94658,1.95278,0.69881,2.12983,1.90626,6.93474,1.34259,1.4239,1.27938,1.26911,5.12317,3.29523,4.69452,1.759,1.44003,1.85533,1.59013,3.03224,4.5403,7.19877,1.19148,0.67236,0.92814,9.45975,6.15854,4070.0400390625,6917.81005859375,18.0,-0.008403983020698336,0.10159117698350828
2026-02-04,4120.51,0.41,-0.84,2.65,0.04,-1.01,0.63,-2.0,-1.69,2.86,-0.94,-1.31,-0.14,1.94,0.57,0.0,2.89,0.28,0.91,1.69,-1.61,1.45,1.36,-4.39,1.8,0.18,-4.38,0.81,1.0,-0.06,2.01,0.1,1.83,1.19,-0.53,-5.6,0.9128,1.9083,2.41477,1.78637,1.46571,2.10692,0.43839,1.1498,6.21299,2.78099,6.94658,1.95278,0.69881,2.12983,1.90626,6.93474,1.34259,1.4239,1.27938,1.26911,5.12317,3.29523,4.69452,1.759,1.44003,1.85533,1.59013,3.03224,4.5403,7.19877,1.19148,0.67236,0.92814,9.45975,6.15854,4146.27978515625,6882.72021484375,18.639999389648438,-0.005072391906223106,0.03555552164713549
2026-02-05,4039.01,-1.17,0.35,-2.49,0.47,-2.34,-1.99,1.03,0.27,-1.43,-3.81,-4.03,-0.32,-0.39,-1.26,1.59,-2.22,-1.98,-2.07,-3.17,-1.02,-1.39,-2.09,-1.76,-4.14,2.8,-1.33,-3.34,-1.74,-0.92,-2.07,2.69,0.62,-0.34,-5.4,-1.34,0.9128,1.9083,2.41477,1.78637,1.46571,2.10692,0.43839,1.1498,6.21299,2.78099,6.94658,1.95278,0.69881,2.12983,1.90626,6.93474,1.34259,1.4239,1.27938,1.26911,5.12317,3.29523,4.69452,1.759,1.44003,1.85533,1.59013,3.03224,4.5403,7.19877,1.19148,0.67236,0.92814,9.45975,6.15854,4087.7099609375,6798.39990234375,21.770000457763672,-0.012251015567674717,0.1679185177362963
2026-02-06,4051.87,-1.96,-1.12,-0.33,-1.12,3.19,0.89,-0.36,-0.29,-0.26,0.54,1.66,-1.36,-1.63,1.09,-2.43,0.26,-0.43,-0.99,1.66,-1.17,-0.56,2.05,1.08,1.74,-1.71,2.57,-0.35,-4.04,-1.66,0.48,-0.41,-0.69,-1.6,1.31,4.27,0.9128,1.9083,2.41477,1.78637,1.46571,2.10692,0.43839,1.1498,6.21299,2.78099,6.94658,1.95278,0.69881,2.12983,1.90626,6.93474,1.34259,1.4239,1.27938,1.26911,5.12317,3.29523,4.69452,1.759,1.44003,1.85533,1.59013,3.03224,4.5403,7.19877,1.19148,0.67236,0.92814,9.45975,6.15854,4046.25,6932.2998046875,20.3700008392334,0.0196957966973359,-0.06430866279706493
2026-02-09,4119.77,-0.96,-0.94,1.39,0.26,4.49,0.38,1.94,0.54,0.92,-1.82,2.01,-1.42,0.97,-0.44,0.89,1.8,-0.39,4.46,1.86,0.21,1.45,-2.26,2.69,3.2,0.74,4.44,0.51,0.16,2.13,2.25,-0.79,1.62,1.62,-1.48,11.19,0.9128,1.9083,2.41477,1.78637,1.46571,2.10692,0.43839,1.1498,6.21299,2.78099,6.94658,1.95278,0.69881,2.12983,1.90626,6.93474,1.34259,1.4239,1.27938,1.26911,5.12317,3.29523,4.69452,1.759,1.44003,1.85533,1.59013,3.03224,4.5403,7.19877,1.19148,0.67236,0.92814,9.45975,6.15854,4104.27978515625,6964.81982421875,17.360000610351562,0.004691086716887227,-0.1477663281723809
2026-02-10,4193.47,-5.3,5.83,2.62,3.75,1.36,4.14,2.83,2.05,3.22,2.7,1.23,1.3,1.74,5.65,3.24,3.31,1.87,6.96,2.55,2.57,1.15,1.88,1.83,1.99,3.07,1.19,0.06,0.26,2.82,2.22,2.3,0.0,4.96,-0.19,-4.39,0.9128,1.9083,2.41477,1.78637,1.46571,2.10692,0.43839,1.1498,6.21299,2.78099,6.94658,1.95278,0.69881,2.12983,1.90626,6.93474,1.34259,1.4239,1.27938,1.26911,5.12317,3.29523,4.69452,1.759,1.44003,1.85533,1.59013,3.03224,4.5403,7.19877,1.19148,0.67236,0.92814,9.45975,6.15854,4124.3701171875,6941.81005859375,17.790000915527344,-0.003303712975458173,0.02476960196184419
2026-02-11,4160.4,-0.67,1.35,-1.25,-0.98,3.98,-2.81,-0.32,-0.55,1.06,-3.52,0.47,-0.05,0.28,-2.34,-0.51,-0.54,0.69,0.87,-0.16,-1.29,0.04,1.76,0.24,-1.09,-4.8,1.32,-0.68,-1.78,-1.13,-0.05,0.03,0.68,5.28,-1.32,-5.01,0.9128,1.9083,2.41477,1.78637,1.46571,2.10692,0.43839,1.1498,6.21299,2.78099,6.94658,1.95278,0.69881,2.12983,1.90626,6.93474,1.34259,1.4239,1.27938,1.26911,5.12317,3.29523,4.69452,1.759,1.44003,1.85533,1.59013,3.03224,4.5403,7.19877,1.19148,0.67236,0.92814,9.45975,6.15854,4183.080078125,6941.47021484375,17.649999618530273,-4.895607156218951e-05,-0.007869662158076385
2026-02-12,4190.56,3.08,3.0,-0.16,2.47,-0.61,2.89,0.77,3.23,2.38,1.66,5.19,-0.42,3.56,2.52,1.43,1.01,3.7,2.6,1.95,2.74,2.28,0.33,0.48,-5.62,-0.63,-5.02,0.34,-0.27,2.35,1.85,0.94,2.17,-0.3,-1.14,-2.33,0.9128,1.9083,2.41477,1.78637,1.46571,2.10692,0.43839,1.1498,6.21299,2.78099,6.94658,1.95278,0.69881,2.12983,1.90626,6.93474,1.34259,1.4239,1.27938,1.26911,5.12317,3.29523,4.69452,1.759,1.44003,1.85533,1.59013,3.03224,4.5403,7.19877,1.19148,0.67236,0.92814,9.45975,6.15854,4178.77001953125,6832.759765625,20.81999969482422,-0.01566101212770199,0.17960340763780214
2026-02-13,4170.22,0.69,-1.1,-0.8,-1.26,0.21,-0.44,0.18,-1.42,-0.66,0.31,-1.94,-0.17,-0.91,-1.62,-0.06,-1.66,-0.02,-1.17,-2.87,-0.47,-1.46,0.0,0.24,0.07,-4.14,0.42,1.45,-0.91,-0.41,-1.6,-0.84,-0.6,1.37,0.67,2.79,0.9128,1.9083,2.41477,1.78637,1.46571,2.10692,0.43839,1.1498,6.21299,2.78099,6.94658,1.95278,0.69881,2.12983,1.90626,6.93474,1.34259,1.4239,1.27938,1.26911,5.12317,3.29523,4.69452,1.759,1.44003,1.85533,1.59013,3.03224,4.5403,7.19877,1.19148,0.67236,0.92814,9.45975,6.15854,4175.740234375,6836.169921875,20.600000381469727,0.0004990891480125548,-0.010566729902939609
2026-02-16,4185.75,-0.6,-1.83,0.3,0.37,3.95,1.37,2.42,5.28,-0.64,-0.2,2.54,1.51,1.16,2.32,-0.56,-0.18,1.12,2.01,3.33,-0.13,-0.51,2.96,0.48,4.67,-2.88,0.6,1.16,-0.51,0.59,-0.72,0.94,-0.47,-0.45,0.77,-1.26,0.9128,1.9083,2.41477,1.78637,1.46571,2.10692,0.43839,1.1498,6.21299,2.78099,6.94658,1.95278,0.69881,2.12983,1.90626,6.93474,1.34259,1.4239,1.27938,1.26911,5.12317,3.29523,4.69452,1.759,1.44003,1.85533,1.59013,3.03224,4.5403,7.19877,1.19148,0.67236,0.92814,9.45975,6.15854,4195.56982421875,,,,
2026-02-17,4196.3,-2.12,4.08,0.46,-1.54,-4.39,-0.92,-1.18,-0.52,0.2,1.96,12.04,-3.03,-1.21,-2.09,1.19,0.01,-1.22,-2.63,-1.64,-3.29,-0.47,-0.32,0.19,0.78,-0.97,-2.21,3.71,4.21,-1.18,0.43,0.96,-0.63,2.19,1.99,-3.46,0.9128,1.9083,2.41477,1.78637,1.46571,2.10692,0.43839,1.1498,6.21299,2.78099,6.94658,1.95278,0.69881,2.12983,1.90626,6.93474,1.34259,1.4239,1.27938,1.26911,5.12317,3.29523,4.69452,1.759,1.44003,1.85533,1.59013,3.03224,4.5403,7.19877,1.19148,0.67236,0.92814,9.45975,6.15854,4173.75,6843.22021484375,20.290000915527344,,
2026-02-18,4232.65,1.15,-4.03,-0.91,-1.52,4.06,1.41,1.1,1.38,-0.07,4.33,3.45,0.1,0.95,1.04,-3.93,0.58,1.69,2.11,1.56,-1.88,0.28,-0.24,0.05,0.17,-1.95,2.95,4.19,-0.89,1.19,-0.19,-1.26,-1.35,2.74,-0.93,3.99,0.9128,1.9083,2.41477,1.78637,1.46571,2.10692,0.43839,1.1498,6.21299,2.78099,6.94658,1.95278,0.69881,2.12983,1.90626,6.93474,1.34259,1.4239,1.27938,1.26911,5.12317,3.29523,4.69452,1.759,1.44003,1.85533,1.59013,3.03224,4.5403,7.19877,1.19148,0.67236,0.92814,9.45975,6.15854,4208.990234375,6881.31005859375,19.6200008392334,0.005566070147410729,-0.03302119497595557
2026-02-19,4210.39,1.01,2.51,0.26,-0.15,-3.26,-0.91,2.45,1.05,-2.28,1.77,-6.11,-1.17,-2.26,-1.21,-1.11,-2.28,1.51,-2.04,-1.43,-0.42,-2.16,2.89,-0.48,4.89,13.62,0.11,1.59,-1.29,-1.76,-1.66,0.12,0.98,0.79,0.0,-3.08,0.9128,1.9083,2.41477,1.78637,1.46571,2.10692,0.43839,1.1498,6.21299,2.78099,6.94658,1.95278,0.69881,2.12983,1.90626,6.93474,1.34259,1.4239,1.27938,1.26911,5.12317,3.29523,4.69452,1.759,1.44003,1.85533,1.59013,3.03224,4.5403,7.19877,1.19148,0.67236,0.92814,9.45975,6.15854,4225.89990234375,6861.89013671875,20.229999542236328,-0.0028221256867719813,0.031090656315525544
2026-02-20,4232.11,0.0,2.8,0.18,-0.47,0.1,1.84,1.8,1.55,-0.25,3.2,1.09,0.92,-1.48,2.75,-0.71,-1.63,2.35,2.29,0.7,-0.14,-1.45,2.11,1.15,6.04,5.41,-1.49,-2.28,-1.38,0.84,-0.94,1.77,0.47,-0.29,0.85,-0.35,0.9128,1.9083,2.41477,1.78637,1.46571,2.10692,0.43839,1.1498,6.21299,2.78099,6.94658,1.95278,0.69881,2.12983,1.90626,6.93474,1.34259,1.4239,1.27938,1.26911,5.12317,3.29523,4.69452,1.759,1.44003,1.85533,1.59013,3.03224,4.5403,7.19877,1.19148,0.67236,0.92814,9.45975,6.15854,4217.77001953125,6909.509765625,19.09000015258789,0.006939724763506794,-0.056351923650237334
2026-02-23,4243.47,-4.65,-3.73,1.27,-0.35,-5.57,0.51,-1.65,1.41,2.54,-1.27,0.54,-0.59,0.73,2.02,-2.02,1.76,-2.77,-0.2,0.8,-3.27,2.57,-4.74,-2.37,5.42,1.61,0.44,5.23,-4.18,1.19,2.04,1.07,1.03,-1.15,-2.05,0.23,0.9128,1.9083,2.41477,1.78637,1.46571,2.10692,0.43839,1.1498,6.21299,2.78099,6.94658,1.95278,0.69881,2.12983,1.90626,6.93474,1.34259,1.4239,1.27938,1.26911,5.12317,3.29523,4.69452,1.759,1.44003,1.85533,1.59013,3.03224,4.5403,7.19877,1.19148,0.67236,0.92814,9.45975,6.15854,4228.64990234375,6837.75,21.010000228881836,-0.010385652247284827,0.10057622110776498
2026-02-24,4169.0,-3.44,-1.14,-0.77,-2.91,9.05,-7.89,-1.22,-2.72,-2.18,0.5,-3.13,-0.65,-1.01,-6.87,-1.76,-1.56,-3.01,-8.66,-8.73,-2.5,-1.91,-0.72,-1.31,-3.0,-2.84,1.73,-1.57,1.55,-6.81,-2.39,-1.6,-2.16,0.22,0.86,-0.58,0.9128,1.9083,2.41477,1.78637,1.46571,2.10692,0.43839,1.1498,6.21299,2.78099,6.94658,1.95278,0.69881,2.12983,1.90626,6.93474,1.34259,1.4239,1.27938,1.26911,5.12317,3.29523,4.69452,1.759,1.44003,1.85533,1.59013,3.03224,4.5403,7.19877,1.19148,0.67236,0.92814,9.45975,6.15854,4250.41015625,6890.06982421875,19.549999237060547,0.0076516140863223114,-0.06949076515545527
2026-02-25,4162.9,0.82,-3.1,-1.53,-0.74,5.73,2.37,-0.33,0.07,-0.71,-0.3,0.55,-1.12,-1.93,1.5,-2.6,-0.01,-0.8,-0.79,1.45,-0.23,-0.81,-2.91,-0.1,0.03,-1.88,0.98,1.1,-1.28,1.32,-0.32,-2.63,0.0,0.22,-0.94,0.89,0.9128,1.9083,2.41477,1.78637,1.46571,2.10692,0.43839,1.1498,6.21299,2.78099,6.94658,1.95278,0.69881,2.12983,1.90626,6.93474,1.34259,1.4239,1.27938,1.26911,5.12317,3.29523,4.69452,1.759,1.44003,1.85533,1.59013,3.03224,4.5403,7.19877,1.19148,0.67236,0.92814,9.45975,6.15854,4195.85986328125,6946.1298828125,17.93000030517578,0.008136355657339944,-0.082864398726613
2026-02-26,4101.6,-0.81,1.46,-0.5,-0.24,-1.62,-2.48,0.13,0.59,-3.5,1.83,0.87,0.0,-2.47,-0.37,-2.98,-2.87,-1.13,-0.38,-3.49,-1.66,-4.33,-1.67,-0.25,0.65,0.49,-6.08,-2.58,-1.8,-0.75,-2.98,1.89,1.23,1.01,0.48,-1.89,0.9128,1.9083,2.41477,1.78637,1.46571,2.10692,0.43839,1.1498,6.21299,2.78099,6.94658,1.95278,0.69881,2.12983,1.90626,6.93474,1.34259,1.4239,1.27938,1.26911,5.12317,3.29523,4.69452,1.759,1.44003,1.85533,1.59013,3.03224,4.5403,7.19877,1.19148,0.67236,0.92814,9.45975,6.15854,4150.02001953125,6908.85986328125,18.6299991607666,-0.005365580569328343,0.03904064939635021
2026-02-27,4128.36,-0.05,1.44,1.92,1.03,0.04,-0.72,-2.68,-2.5,0.29,2.52,-2.23,1.05,-1.21,1.67,-3.08,2.17,-0.63,-0.69,0.36,-0.08,0.17,-0.34,-3.51,4.71,1.17,2.66,0.22,-4.43,0.19,2.0,0.89,-1.5,-1.36,0.57,1.51,0.9128,1.9083,2.41477,1.78637,1.46571,2.10692,0.43839,1.1498,6.21299,2.78099,6.94658,1.95278,0.69881,2.12983,1.90626,6.93474,1.34259,1.4239,1.27938,1.26911,5.12317,3.29523,4.69452,1.759,1.44003,1.85533,1.59013,3.03224,4.5403,7.19877,1.19148,0.67236,0.92814,9.45975,6.15854,4095.409912109375,6878.8798828125,19.860000610351562,-0.00433935281103115,0.06602262506673928
2026-03-02,4318.5,2.45,4.4,5.87,3.85,0.88,9.32,8.49,11.07,5.12,5.63,5.83,2.28,3.56,9.54,5.6,4.1,3.98,10.55,8.55,7.01,4.52,10.8,11.87,10.11,2.7,0.53,5.76,-0.45,5.81,3.43,5.35,3.17,5.14,-1.41,4.57,0.9128,1.9083,2.41477,1.78637,1.46571,2.10692,0.43839,1.1498,6.21299,2.78099,6.94658,1.95278,0.69881,2.12983,1.90626,6.93474,1.34259,1.4239,1.27938,1.26911,5.12317,3.29523,4.69452,1.759,1.44003,1.85533,1.59013,3.03224,4.5403,7.19877,1.19148,0.67236,0.92814,9.45975,6.15854,4233.68017578125,6881.6201171875,21.440000534057617,0.0003983547353176853,0.07955689200142912
2026-03-04,4309.68,0.19,2.66,2.16,2.38,-3.46,4.54,1.97,-2.04,-2.33,4.97,0.18,-1.49,-1.08,3.16,-2.24,-1.27,1.09,3.9,3.64,1.15,-1.39,-3.3,0.41,-7.13,7.38,-1.82,1.92,-0.93,4.43,-2.08,2.26,2.01,-0.41,-3.82,-5.8,0.9128,1.9083,2.41477,1.78637,1.46571,2.10692,0.43839,1.1498,6.21299,2.78099,6.94658,1.95278,0.69881,2.12983,1.90626,6.93474,1.34259,1.4239,1.27938,1.26911,5.12317,3.29523,4.69452,1.759,1.44003,1.85533,1.59013,3.03224,4.5403,7.19877,1.19148,0.67236,0.92814,9.45975,6.15854,4288.16015625,6869.5,21.149999618530273,-0.0017612302017702142,-0.013526161767891565
2026-03-05,4355.91,0.09,3.05,0.67,2.43,2.7,2.02,5.65,4.5,-1.85,3.72,5.32,5.55,-1.49,1.94,0.13,-1.99,2.91,4.22,1.47,1.99,-0.25,-1.19,0.23,4.37,5.8,0.18,3.67,0.79,4.19,-1.7,4.88,0.87,0.07,-1.99,-1.95,0.9128,1.9083,2.41477,1.78637,1.46571,2.10692,0.43839,1.1498,6.21299,2.78099,6.94658,1.95278,0.69881,2.12983,1.90626,6.93474,1.34259,1.4239,1.27938,1.26911,5.12317,3.29523,4.69452,1.759,1.44003,1.85533,1.59013,3.03224,4.5403,7.19877,1.19148,0.67236,0.92814,9.45975,6.15854,4295.27001953125,6830.7099609375,23.75,-0.005646704863891072,0.12293146233401209
2026-03-06,4356.68,0.66,0.56,-1.02,-0.28,-2.51,-0.07,4.43,0.95,1.13,1.05,0.96,0.8,-1.99,-0.26,0.0,1.27,0.83,-1.59,-0.72,1.12,0.12,3.61,1.59,-0.31,-3.02,-0.39,-1.0,2.05,-0.76,-0.32,0.46,0.86,0.21,0.43,-3.03,0.9128,1.9083,2.41477,1.78637,1.46571,2.10692,0.43839,1.1498,6.21299,2.78099,6.94658,1.95278,0.69881,2.12983,1.90626,6.93474,1.34259,1.4239,1.27938,1.26911,5.12317,3.29523,4.69452,1.759,1.44003,1.85533,1.59013,3.03224,4.5403,7.19877,1.19148,0.67236,0.92814,9.45975,6.15854,4369.08984375,6740.02001953125,29.489999771118164,-0.013276795812569242,0.24168420088918596
2026-03-09,4227.02,-1.53,-3.22,-1.09,-1.23,-7.93,-6.39,-0.78,-3.35,-3.75,-0.14,-2.36,-0.64,-1.84,-4.55,8.95,-2.74,-2.92,-5.05,-5.78,-1.17,-2.55,1.16,-1.92,-5.51,-2.79,-4.22,-2.29,0.35,-5.36,-2.58,-1.35,-1.06,-0.76,-4.82,-6.23,0.9128,1.9083,2.41477,1.78637,1.46571,2.10692,0.43839,1.1498,6.21299,2.78099,6.94658,1.95278,0.69881,2.12983,1.90626,6.93474,1.34259,1.4239,1.27938,1.26911,5.12317,3.29523,4.69452,1.759,1.44003,1.85533,1.59013,3.03224,4.5403,7.19877,1.19148,0.67236,0.92814,9.45975,6.15854,4280.080078125,6795.990234375,25.5,0.008304161513105202,-0.1353000950181722
2026-03-10,4187.97,-0.19,-2.77,-6.04,-1.23,4.08,0.51,-5.59,-1.23,-5.86,-2.91,-6.82,-2.49,0.0,0.83,-5.02,1.25,-3.63,1.42,0.39,0.49,-1.07,-3.3,-6.25,-8.73,-3.71,4.55,-0.84,0.41,0.69,1.74,-2.51,0.43,-1.32,3.65,4.54,0.9128,1.9083,2.41477,1.78637,1.46571,2.10692,0.43839,1.1498,6.21299,2.78099,6.94658,1.95278,0.69881,2.12983,1.90626,6.93474,1.34259,1.4239,1.27938,1.26911,5.12317,3.29523,4.69452,1.759,1.44003,1.85533,1.59013,3.03224,4.5403,7.19877,1.19148,0.67236,0.92814,9.45975,6.15854,4251.10009765625,6781.47998046875,24.93000030517578,-0.0021351198877325173,-0.022352929208792838
2026-03-11,4211.82,1.85,0.0,-0.97,-1.79,3.22,-0.7,-3.74,-5.33,2.57,1.07,-0.32,-3.26,3.25,0.66,1.85,0.49,-0.44,-0.22,-1.54,-2.64,3.3,-0.55,-2.68,8.13,-0.64,1.01,0.0,-0.15,-1.15,3.28,-2.83,-1.54,-1.13,-2.24,0.83,0.9128,1.9083,2.41477,1.78637,1.46571,2.10692,0.43839,1.1498,6.21299,2.78099,6.94658,1.95278,0.69881,2.12983,1.90626,6.93474,1.34259,1.4239,1.27938,1.26911,5.12317,3.29523,4.69452,1.759,1.44003,1.85533,1.59013,3.03224,4.5403,7.19877,1.19148,0.67236,0.92814,9.45975,6.15854,4141.33984375,6775.7998046875,24.229999542236328,-0.0008376012017449197,-0.028078650395929716
2026-03-12,4146.17,-3.72,-0.74,-1.6,-3.54,-4.51,-2.87,3.83,-3.14,-4.12,-0.92,-1.5,-2.99,-1.15,-1.58,6.88,-3.44,-2.6,-2.82,-0.95,-0.78,-3.62,0.4,-1.0,-1.72,1.18,-2.88,-0.09,1.29,-2.03,-2.97,-2.51,-1.87,-1.85,-1.84,3.11,0.9128,1.9083,2.41477,1.78637,1.46571,2.10692,0.43839,1.1498,6.21299,2.78099,6.94658,1.95278,0.69881,2.12983,1.90626,6.93474,1.34259,1.4239,1.27938,1.26911,5.12317,3.29523,4.69452,1.759,1.44003,1.85533,1.59013,3.03224,4.5403,7.19877,1.19148,0.67236,0.92814,9.45975,6.15854,4187.56005859375,6672.6201171875,27.290000915527344,-0.015227676506708532,0.12628978254650813
2026-03-13,4177.58,-0.39,0.0,0.81,1.33,1.52,1.9,0.33,0.85,0.09,1.55,2.5,0.0,0.41,1.55,0.94,-0.15,0.67,1.73,1.3,1.01,0.57,1.9,-0.56,4.01,-1.43,0.71,3.12,0.61,0.77,-0.1,0.95,0.0,1.52,-0.9,0.71,0.9128,1.9083,2.41477,1.78637,1.46571,2.10692,0.43839,1.1498,6.21299,2.78099,6.94658,1.95278,0.69881,2.12983,1.90626,6.93474,1.34259,1.4239,1.27938,1.26911,5.12317,3.29523,4.69452,1.759,1.44003,1.85533,1.59013,3.03224,4.5403,7.19877,1.19148,0.67236,0.92814,9.45975,6.15854,4109.81982421875,6632.18994140625,27.190000534057617,-0.006059115470564369,-0.0036643597696923713
2026-03-16,4177.04,-0.82,-2.81,0.59,-3.06,-3.2,-4.25,-2.18,-3.99,-1.89,0.98,6.55,-1.6,-1.94,-4.64,-2.49,-1.39,-1.4,-4.13,-3.57,-1.64,-2.13,-2.1,-3.96,0.61,-0.94,2.56,2.02,1.67,-1.12,-1.87,-0.29,-1.4,-1.29,-2.05,14.53,0.9128,1.9083,2.41477,1.78637,1.46571,2.10692,0.43839,1.1498,6.21299,2.78099,6.94658,1.95278,0.69881,2.12983,1.90626,6.93474,1.34259,1.4239,1.27938,1.26911,5.12317,3.29523,4.69452,1.759,1.44003,1.85533,1.59013,3.03224,4.5403,7.19877,1.19148,0.67236,0.92814,9.45975,6.15854,4187.58984375,6699.3798828125,23.510000228881836,0.010130883162251969,-0.13534388499059757
2026-03-17,4242.48,0.64,3.7,0.94,5.02,3.6,-1.12,2.42,1.5,0.59,10.95,-2.42,1.97,0.49,-0.11,-0.89,0.5,2.45,0.42,-0.75,3.26,1.95,2.23,1.96,0.88,1.27,-0.63,5.49,-3.94,0.18,2.02,0.12,1.6,-1.74,3.2,-2.62,0.9128,1.9083,2.41477,1.78637,1.46571,2.10692,0.43839,1.1498,6.21299,2.78099,6.94658,1.95278,0.69881,2.12983,1.90626,6.93474,1.34259,1.4239,1.27938,1.26911,5.12317,3.29523,4.69452,1.759,1.44003,1.85533,1.59013,3.03224,4.5403,7.19877,1.19148,0.67236,0.92814,9.45975,6.15854,4157.81982421875,6716.08984375,22.3700008392334,0.0024942548757938,-0.048489977820074914
2026-03-18,4295.11,1.07,1.15,1.97,1.82,5.4,1.17,5.01,0.16,1.24,-3.21,4.26,2.19,0.53,1.55,-0.78,1.95,3.86,1.56,1.16,0.77,1.3,5.06,2.44,1.66,-2.06,4.31,2.81,-0.94,1.31,1.09,-2.85,-0.42,2.06,-1.24,3.27,0.9128,1.9083,2.41477,1.78637,1.46571,2.10692,0.43839,1.1498,6.21299,2.78099,6.94658,1.95278,0.69881,2.12983,1.90626,6.93474,1.34259,1.4239,1.27938,1.26911,5.12317,3.29523,4.69452,1.759,1.44003,1.85533,1.59013,3.03224,4.5403,7.19877,1.19148,0.67236,0.92814,9.45975,6.15854,4258.39013671875,6624.7001953125,25.09000015258789,-0.013607567880073446,0.12159138181989015
2026-03-19,4305.03,-2.07,-6.64,-1.9,-2.26,0.78,-1.91,2.4,0.68,-1.19,-1.71,-1.58,-1.59,-0.45,-1.98,-1.75,0.18,-0.34,-2.15,-2.47,-2.29,0.47,6.74,-0.2,0.61,2.02,1.45,0.17,1.1,-1.7,0.05,10.24,-1.58,-1.08,-1.32,11.54,0.9128,1.9083,2.41477,1.78637,1.46571,2.10692,0.43839,1.1498,6.21299,2.78099,6.94658,1.95278,0.69881,2.12983,1.90626,6.93474,1.34259,1.4239,1.27938,1.26911,5.12317,3.29523,4.69452,1.759,1.44003,1.85533,1.59013,3.03224,4.5403,7.19877,1.19148,0.67236,0.92814,9.45975,6.15854,4279.97998046875,6606.490234375,24.059999465942383,-0.002748797741878972,-0.041052239154301895
2026-03-20,4313.86,-0.98,0.74,-0.61,-1.04,4.83,0.55,0.84,0.0,-1.0,-1.47,-4.7,-0.83,-1.21,-0.92,-2.52,-0.22,0.0,-1.36,-0.59,-0.85,-0.6,-0.97,0.25,-2.02,-2.28,4.64,2.73,1.03,-1.19,-1.51,1.75,-1.53,0.0,0.6,7.85,0.9128,1.9083,2.41477,1.78637,1.46571,2.10692,0.43839,1.1498,6.21299,2.78099,6.94658,1.95278,0.69881,2.12983,1.90626,6.93474,1.34259,1.4239,1.27938,1.26911,5.12317,3.29523,4.69452,1.759,1.44003,1.85533,1.59013,3.03224,4.5403,7.19877,1.19148,0.67236,0.92814,9.45975,6.15854,4340.7900390625,6506.47998046875,26.780000686645508,-0.015138182356779217,0.11305075981208423
2026-03-24,4267.51,-0.69,0.0,-3.83,-2.8,0.76,-3.06,1.53,0.0,-1.78,-1.37,-0.34,-2.14,-0.66,-2.41,1.91,-0.71,-2.15,-3.51,-0.88,-2.51,-0.39,-1.66,-3.46,-5.7,-6.48,1.13,0.0,1.7,-2.7,-1.36,-1.01,-1.21,0.3,-1.88,1.67,0.9128,1.9083,2.41477,1.78637,1.46571,2.10692,0.43839,1.1498,6.21299,2.78099,6.94658,1.95278,0.69881,2.12983,1.90626,6.93474,1.34259,1.4239,1.27938,1.26911,5.12317,3.29523,4.69452,1.759,1.44003,1.85533,1.59013,3.03224,4.5403,7.19877,1.19148,0.67236,0.92814,9.45975,6.15854,4257.009765625,6556.3701171875,26.950000762939453,0.007667761503687309,0.00634802359727793
