Date, Index ,AMOT_Return,AZRG_Return,BEZQ_Return,BIG_Return,CAMT_Return,CLIS_Return,DLEKG_Return,DIMRI_Return,DSCT_Return,ESLT_Return,ENLT_Return,FTAL_Return,FIBI_Return,HARL_Return,ICL_Return,LUMI_Return,MLSR_Return,MMHD_Return,MGDL_Return,MVNE_Return,MZTF_Return,NVPT_Return,NWMD_Return,NXSN_Return,NICE_Return,NVMI_Return,OPCE_Return,ORA_Return,PHOE_Return,POLI_Return,SPEN_Return,SAE_Return,STRS_Return,TEVA_Return,TSEM_Return,AMOT_Weight,AZRG_Weight,BEZQ_Weight,BIG_Weight,CAMT_Weight,CLIS_Weight,DLEKG_Weight,DIMRI_Weight,DSCT_Weight,ESLT_Weight,ENLT_Weight,FTAL_Weight,FIBI_Weight,HARL_Weight,ICL_Weight,LUMI_Weight,MLSR_Weight,MMHD_Weight,MGDL_Weight,MVNE_Weight,MZTF_Weight,NVPT_Weight,NWMD_Weight,NXSN_Weight,NICE_Weight,NVMI_Weight,OPCE_Weight,ORA_Weight,PHOE_Weight,POLI_Weight,SPEN_Weight,SAE_Weight,STRS_Weight,TEVA_Weight,TSEM_Weight
9/3/2025,3019.45,0.61,1.25,1.15,-0.24,-2.35,4.24,1.85,-0.17,0.92,0.73,2.06,-1.02,2.21,4.64,-1.75,0.37,0.03,3.85,2.13,0,1.41,-0.98,2.45,6.38,-3.11,-1.98,1.72,-0.2,3.37,1.32,-0.32,-0.85,-0.68,0.75,4.15,1.00283,2.04438,2.3956,1.8287,1.73391,1.93092,0.55231,1.26593,6.60468,2.05576,0.97816,7.76033,2.14649,0.67984,2.0307,2.68409,0.70807,6.8538,1.60252,1.13864,1.23757,5.79033,5.477,5.42758,1.75612,1.56461,1.1996,3.15762,4.52339,6.86807,1.34608,0.66199,0.91677,7.78136,4.29427
9/4/2025,3047.19,2.22,2.59,1.62,2.34,-0.65,3.59,-2.83,0.63,2.08,0.2,1.07,2.02,1.15,2.8,-1.35,1.17,3.51,2.15,2.43,2.51,1.44,0.59,-0.25,1.23,0.09,2.31,2.5,0.36,1.15,1.23,3.46,0.63,1.86,-1.03,-0.67,1.00283,2.04438,2.3956,1.8287,1.73391,1.93092,0.55231,1.26593,6.60468,2.05576,0.97816,7.76033,2.14649,0.67984,2.0307,2.68409,0.70807,6.8538,1.60252,1.13864,1.23757,5.79033,5.477,5.42758,1.75612,1.56461,1.1996,3.15762,4.52339,6.86807,1.34608,0.66199,0.91677,7.78136,4.29427
9/7/2025,3083.41,1.06,1.67,0.61,1.16,1.04,3,0.49,3.17,0.93,0.35,1.58,-0.73,-0.5,1.16,-0.78,0.73,2.87,2.41,2.29,2.21,0.64,1.86,0.06,2.96,1.54,4.8,0.84,-0.59,3.05,0.42,2.92,-0.2,1.05,1.39,2.08,1.00283,2.04438,2.3956,1.8287,1.73391,1.93092,0.55231,1.26593,6.60468,2.05576,0.97816,7.76033,2.14649,0.67984,2.0307,2.68409,0.70807,6.8538,1.60252,1.13864,1.23757,5.79033,5.477,5.42758,1.75612,1.56461,1.1996,3.15762,4.52339,6.86807,1.34608,0.66199,0.91677,7.78136,4.29427
9/8/2025,3079.29,1.43,-0.79,1.35,1.31,1.86,-1.4,1.03,1.02,-0.4,0.09,0.67,-1.51,0.97,-2.48,-0.54,-0.9,0.4,-2.04,-0.83,1.28,-0.91,-3.37,0,0.52,0.94,4.32,-0.04,-0.03,-2.28,-0.57,-1.27,0.45,-1.13,-0.66,0.66,1.00283,2.04438,2.3956,1.8287,1.73391,1.93092,0.55231,1.26593,6.60468,2.05576,0.97816,7.76033,2.14649,0.67984,2.0307,2.68409,0.70807,6.8538,1.60252,1.13864,1.23757,5.79033,5.477,5.42758,1.75612,1.56461,1.1996,3.15762,4.52339,6.86807,1.34608,0.66199,0.91677,7.78136,4.29427
9/9/2025,3133.78,0.87,2.75,1.33,3.74,3.85,1.54,0.52,2.87,1.11,0.42,1.86,3.67,0.75,1.09,2.13,1.21,0.98,0.99,0.84,2.69,0.18,9.45,-0.12,2.15,1.88,3.23,1.01,-0.36,0.61,0.92,1.59,4.1,1.2,3.58,3.38,1.00283,2.04438,2.3956,1.8287,1.73391,1.93092,0.55231,1.26593,6.60468,2.05576,0.97816,7.76033,2.14649,0.67984,2.0307,2.68409,0.70807,6.8538,1.60252,1.13864,1.23757,5.79033,5.477,5.42758,1.75612,1.56461,1.1996,3.15762,4.52339,6.86807,1.34608,0.66199,0.91677,7.78136,4.29427
9/10/2025,3124.37,-1.85,-1.22,0.43,-1.8,-1.37,-1.96,0.32,-0.21,-0.3,2.51,-0.87,-1.11,-0.62,-1.97,0.19,-0.69,-0.69,-2.06,-2.16,-1.54,-0.69,0.91,-0.55,1.85,-1.06,-1.39,0.81,0.33,-1.63,0,-2.72,-1.09,0.49,0.32,1.41,1.00283,2.04438,2.3956,1.8287,1.73391,1.93092,0.55231,1.26593,6.60468,2.05576,0.97816,7.76033,2.14649,0.67984,2.0307,2.68409,0.70807,6.8538,1.60252,1.13864,1.23757,5.79033,5.477,5.42758,1.75612,1.56461,1.1996,3.15762,4.52339,6.86807,1.34608,0.66199,0.91677,7.78136,4.29427
9/11/2025,3092.88,0.46,-2.2,-0.18,-0.74,0.8,-4.63,0,-1.63,-2.86,0.94,-0.43,0.6,-1.42,-2.56,-0.53,-2.52,-1.9,-3.39,-3.65,-1.09,-1.43,-2.52,-0.37,-1.38,-0.57,4.45,-2.8,0.49,-2.19,-2.69,-1.11,-2.12,-1.44,0.26,-1.52,1.00283,2.04438,2.3956,1.8287,1.73391,1.93092,0.55231,1.26593,6.60468,2.05576,0.97816,7.76033,2.14649,0.67984,2.0307,2.68409,0.70807,6.8538,1.60252,1.13864,1.23757,5.79033,5.477,5.42758,1.75612,1.56461,1.1996,3.15762,4.52339,6.86807,1.34608,0.66199,0.91677,7.78136,4.29427
9/14/2025,3066.48,-2.21,-0.03,-2.64,-0.88,5.21,-3.18,-0.3,-1.95,-0.31,-1.23,-1.57,-0.02,-1.31,-5.54,0.73,0.02,-1.02,-5.63,-3.08,-2.05,-1.22,-3.88,-1.99,0.82,-0.4,0.99,-1.41,-1.08,-2.59,-0.19,-0.23,-0.22,-1.31,0.49,-1.23,1.00283,2.04438,2.3956,1.8287,1.73391,1.93092,0.55231,1.26593,6.60468,2.05576,0.97816,7.76033,2.14649,0.67984,2.0307,2.68409,0.70807,6.8538,1.60252,1.13864,1.23757,5.79033,5.477,5.42758,1.75612,1.56461,1.1996,3.15762,4.52339,6.86807,1.34608,0.66199,0.91677,7.78136,4.29427
9/15/2025,3058.22,0,-1.6,1.16,-1.22,1.44,-3.22,-2.09,-0.39,-0.22,-0.54,-0.63,-2.09,-0.3,-0.1,0,0.05,-1.16,-0.07,-2.18,-2.42,0.62,-1.44,-2.41,-3.33,0.28,2.61,-0.17,1.56,-0.64,0.05,-2.02,-1.4,-0.31,-1.68,1.15,1.00283,2.04438,2.3956,1.8287,1.73391,1.93092,0.55231,1.26593,6.60468,2.05576,0.97816,7.76033,2.14649,0.67984,2.0307,2.68409,0.70807,6.8538,1.60252,1.13864,1.23757,5.79033,5.477,5.42758,1.75612,1.56461,1.1996,3.15762,4.52339,6.86807,1.34608,0.66199,0.91677,7.78136,4.29427
9/16/2025,3054.16,-0.68,-0.81,-0.89,-0.91,-1.32,0.9,1.14,-1.8,-1.29,1.99,1.53,-1.17,-1.38,1.29,-1.93,0.73,-1.56,0.59,0.74,0.17,-1.51,0.68,2.92,-4.49,0.06,1.64,-0.31,-0.07,0.74,0.49,-0.95,0.3,0.78,-3.6,0.46,1.00283,2.04438,2.3956,1.8287,1.73391,1.93092,0.55231,1.26593,6.60468,2.05576,0.97816,7.76033,2.14649,0.67984,2.0307,2.68409,0.70807,6.8538,1.60252,1.13864,1.23757,5.79033,5.477,5.42758,1.75612,1.56461,1.1996,3.15762,4.52339,6.86807,1.34608,0.66199,0.91677,7.78136,4.29427
9/17/2025,2996.85,-2.37,-3,-1.44,-2,0.93,-5.58,-3.04,-1.41,-3.29,-5.23,-2.55,-1.49,-3.06,-4.17,-0.2,-2.71,-3.02,-3.12,-4.33,-1.9,-3.16,0.29,-1.14,-2.86,4.18,-0.13,-3.45,1.24,-4.49,-3.36,-2.2,-1.01,-3.25,0.05,1.41,1.00283,2.04438,2.3956,1.8287,1.73391,1.93092,0.55231,1.26593,6.60468,2.05576,0.97816,7.76033,2.14649,0.67984,2.0307,2.68409,0.70807,6.8538,1.60252,1.13864,1.23757,5.79033,5.477,5.42758,1.75612,1.56461,1.1996,3.15762,4.52339,6.86807,1.34608,0.66199,0.91677,7.78136,4.29427
9/18/2025,3030.36,0.62,-0.85,0.43,2.04,13.31,2.15,2.34,-0.29,0.92,2.21,2.05,2.29,0.95,-0.14,0.69,0.12,0.27,1.45,1.83,0.93,0.1,3.86,3,5.54,2.07,0.74,1.35,0.9,2.11,0.66,1.06,0.03,2.62,-1.9,2.82,1.00283,2.04438,2.3956,1.8287,1.73391,1.93092,0.55231,1.26593,6.60468,2.05576,0.97816,7.76033,2.14649,0.67984,2.0307,2.68409,0.70807,6.8538,1.60252,1.13864,1.23757,5.79033,5.477,5.42758,1.75612,1.56461,1.1996,3.15762,4.52339,6.86807,1.34608,0.66199,0.91677,7.78136,4.29427
9/21/2025,2982.63,-2.06,-2.13,-0.91,-2.2,-4,-1.51,-1.35,-2.1,-0.85,-0.5,-2.25,-2.98,-2.32,-4,-1.32,-2.22,-0.57,-1.95,-3.12,-2.92,-3.26,1.67,-2.73,-0.13,0.67,0.45,-2,-1.69,-3.48,-1.67,-2.02,-0.69,-1.84,-0.73,-4.09,1.00283,2.04438,2.3956,1.8287,1.73391,1.93092,0.55231,1.26593,6.60468,2.05576,0.97816,7.76033,2.14649,0.67984,2.0307,2.68409,0.70807,6.8538,1.60252,1.13864,1.23757,5.79033,5.477,5.42758,1.75612,1.56461,1.1996,3.15762,4.52339,6.86807,1.34608,0.66199,0.91677,7.78136,4.29427
9/25/2025,3034.83,0.04,0.64,1.18,0.36,6.85,1.67,2.4,-0.53,1.49,0.64,0,1.2,1.69,5.33,2.68,1.76,-0.71,1.99,0.98,0.43,3.16,1.01,2.04,-2.4,-0.41,0.76,0.54,1.56,4.58,2.11,-0.62,-1.77,-0.15,3.75,2.81,1.00283,2.04438,2.3956,1.8287,1.73391,1.93092,0.55231,1.26593,6.60468,2.05576,0.97816,7.76033,2.14649,0.67984,2.0307,2.68409,0.70807,6.8538,1.60252,1.13864,1.23757,5.79033,5.477,5.42758,1.75612,1.56461,1.1996,3.15762,4.52339,6.86807,1.34608,0.66199,0.91677,7.78136,4.29427
9/28/2025,3116.75,4.56,5.47,2.6,2.85,1.76,6.56,1.5,5.9,5.53,0.9,0.69,2.69,5.52,8.13,0.68,4.59,4.52,6.21,6.19,5.38,4.79,1.9,1.94,2.52,-2.43,-1.61,3.26,2.27,9.78,4.48,6.1,0.83,3.9,-2.02,1.59,1.00283,2.04438,2.3956,1.8287,1.73391,1.93092,0.55231,1.26593,6.60468,2.05576,0.97816,7.76033,2.14649,0.67984,2.0307,2.68409,0.70807,6.8538,1.60252,1.13864,1.23757,5.79033,5.477,5.42758,1.75612,1.56461,1.1996,3.15762,4.52339,6.86807,1.34608,0.66199,0.91677,7.78136,4.29427
9/29/2025,3113.62,0.04,0.19,0.34,-0.61,0.03,-2.09,0.58,-0.25,-1.33,0.15,2.85,-0.26,-1.23,-1.5,0.67,0.16,0.03,-0.53,-0.91,-0.97,0.47,-0.27,2.33,-1.93,-0.91,3.32,0,-1.78,-2.04,-0.93,-0.39,0.34,-0.66,0.13,1.13,1.00283,2.04438,2.3956,1.8287,1.73391,1.93092,0.55231,1.26593,6.60468,2.05576,0.97816,7.76033,2.14649,0.67984,2.0307,2.68409,0.70807,6.8538,1.60252,1.13864,1.23757,5.79033,5.477,5.42758,1.75612,1.56461,1.1996,3.15762,4.52339,6.86807,1.34608,0.66199,0.91677,7.78136,4.29427
9/30/2025,3199.82,5.77,3.69,1.52,4.34,-0.49,6.73,2.52,6.56,2.25,1.18,4.34,4.63,2.15,6.39,-1.19,3.63,5.43,7.3,5.61,5.81,2.3,-0.27,4.37,1.69,-0.1,0.43,0.87,1.37,7.36,4.07,6.32,2.71,3.45,3.55,1.07,1.00283,2.04438,2.3956,1.8287,1.73391,1.93092,0.55231,1.26593,6.60468,2.05576,0.97816,7.76033,2.14649,0.67984,2.0307,2.68409,0.70807,6.8538,1.60252,1.13864,1.23757,5.79033,5.477,5.42758,1.75612,1.56461,1.1996,3.15762,4.52339,6.86807,1.34608,0.66199,0.91677,7.78136,4.29427
10/5/2025,3210.22,1.29,3.26,2.73,1.1,8.33,-0.77,3.47,3.25,-2.17,1.16,2.06,3,-0.89,0.63,0.39,-2.59,3.13,-0.49,-0.78,4.95,-2.25,-1.25,0.92,-0.67,-5.94,1,4.79,3.87,0.81,-2.88,2.29,3.02,-1.08,3.11,3.23,1.00283,2.04438,2.3956,1.8287,1.73391,1.93092,0.55231,1.26593,6.60468,2.05576,0.97816,7.76033,2.14649,0.67984,2.0307,2.68409,0.70807,6.8538,1.60252,1.13864,1.23757,5.79033,5.477,5.42758,1.75612,1.56461,1.1996,3.15762,4.52339,6.86807,1.34608,0.66199,0.91677,7.78136,4.29427
10/8/2025,3203.55,-1.16,-2.12,-0.8,1.74,-0.99,0.83,-0.25,0.28,-1.06,-0.04,3.94,-1.49,0.26,1.96,1.11,-1.21,-0.87,1.67,-1.84,-0.66,-0.99,1,0.06,-3.56,-1.61,-1.17,-0.49,4.27,-0.88,-1.54,-0.4,-0.67,-0.4,1.07,-2.02,1.00283,2.04438,2.3956,1.8287,1.73391,1.93092,0.55231,1.26593,6.60468,2.05576,0.97816,7.76033,2.14649,0.67984,2.0307,2.68409,0.70807,6.8538,1.60252,1.13864,1.23757,5.79033,5.477,5.42758,1.75612,1.56461,1.1996,3.15762,4.52339,6.86807,1.34608,0.66199,0.91677,7.78136,4.29427
10/9/2025,3276.85,6.01,4.33,3.88,3.26,3.5,2.89,3.01,8.86,2.49,0.3,3.61,4.79,1.32,0.79,3.76,2.66,3.79,0.76,3.13,5.42,3.03,0.99,1.31,5.29,1.35,1.98,2.07,1.05,4.12,1.91,5.47,1.9,2.4,-0.45,3.15,1.00283,2.04438,2.3956,1.8287,1.73391,1.93092,0.55231,1.26593,6.60468,2.05576,0.97816,7.76033,2.14649,0.67984,2.0307,2.68409,0.70807,6.8538,1.60252,1.13864,1.23757,5.79033,5.477,5.42758,1.75612,1.56461,1.1996,3.15762,4.52339,6.86807,1.34608,0.66199,0.91677,7.78136,4.29427
10/12/2025,3232.4,-1.1,0.69,0.46,-0.39,-5.68,-2,-1.91,-0.28,0.99,-2.12,-1.25,3.55,-0.71,0.87,-1.83,-0.47,1.27,-0.03,-1.39,0,-1.98,0,0.06,2.45,-3.87,-6.39,-0.38,-0.49,-1.55,-0.35,1.1,0.54,-0.89,-0.76,-4.8,1.00283,2.04438,2.3956,1.8287,1.73391,1.93092,0.55231,1.26593,6.60468,2.05576,0.97816,7.76033,2.14649,0.67984,2.0307,2.68409,0.70807,6.8538,1.60252,1.13864,1.23757,5.79033,5.477,5.42758,1.75612,1.56461,1.1996,3.15762,4.52339,6.86807,1.34608,0.66199,0.91677,7.78136,4.29427
10/15/2025,3248.99,-2.5,-1.81,-1.2,-1.1,12.81,-3.33,-3.45,-4.38,-0.64,3.38,3.71,-4.84,-0.97,-4.04,-1.59,0.3,-2.91,-2.75,-3.08,-2.61,1.46,-0.35,-1.74,-5.74,-1.7,8.82,3.51,4.22,-3.39,-0.6,1.5,-1.81,-1.51,-1.12,6.37,1.00283,2.04438,2.3956,1.8287,1.73391,1.93092,0.55231,1.26593,6.60468,2.05576,0.97816,7.76033,2.14649,0.67984,2.0307,2.68409,0.70807,6.8538,1.60252,1.13864,1.23757,5.79033,5.477,5.42758,1.75612,1.56461,1.1996,3.15762,4.52339,6.86807,1.34608,0.66199,0.91677,7.78136,4.29427
10/16/2025,3210.91,1.22,1.58,0.36,2.09,-0.39,-2.11,1.14,-2.68,-3.41,-4.41,-0.52,-0.43,-2.98,-1.61,-0.95,-3.28,1.25,-2.2,-2.99,1.08,-3.75,3.38,-0.74,2.87,-1.09,2.61,-1.32,0.83,-1.3,-3.74,-1.51,0.62,1.76,0.18,-0.16,1.00283,2.04438,2.3956,1.8287,1.73391,1.93092,0.55231,1.26593,6.60468,2.05576,0.97816,7.76033,2.14649,0.67984,2.0307,2.68409,0.70807,6.8538,1.60252,1.13864,1.23757,5.79033,5.477,5.42758,1.75612,1.56461,1.1996,3.15762,4.52339,6.86807,1.34608,0.66199,0.91677,7.78136,4.29427
10/19/2025,3174.18,-1.36,0.55,-0.64,-0.83,-1.47,-1.54,-1.18,-2.51,-0.44,-2.8,0,-0.66,-0.97,-1.27,-2.06,-0.4,-1.14,-2.83,-2.34,-0.57,-0.91,-1.81,-2.3,-2.2,2.59,-1.67,0.46,-1.79,-2.31,-0.24,-0.78,-0.02,0.55,-2.38,-2.58,1.00283,2.04438,2.3956,1.8287,1.73391,1.93092,0.55231,1.26593,6.60468,2.05576,0.97816,7.76033,2.14649,0.67984,2.0307,2.68409,0.70807,6.8538,1.60252,1.13864,1.23757,5.79033,5.477,5.42758,1.75612,1.56461,1.1996,3.15762,4.52339,6.86807,1.34608,0.66199,0.91677,7.78136,4.29427
10/20/2025,3208.01,0.51,-1.43,0.02,-0.14,0.47,2.07,-2.32,-0.31,2.97,0.58,-1.05,1.01,1.91,0.74,0.83,3.03,0.79,1.11,2.58,-0.94,2.57,-2.72,-1.7,-0.54,-0.43,0.82,-0.35,1.2,1.27,3.86,0.55,-1.73,-0.35,-0.92,4.92,1.00283,2.04438,2.3956,1.8287,1.73391,1.93092,0.55231,1.26593,6.60468,2.05576,0.97816,7.76033,2.14649,0.67984,2.0307,2.68409,0.70807,6.8538,1.60252,1.13864,1.23757,5.79033,5.477,5.42758,1.75612,1.56461,1.1996,3.15762,4.52339,6.86807,1.34608,0.66199,0.91677,7.78136,4.29427
10/21/2025,3176.41,-0.98,-1.83,-2.27,-1.49,-0.1,3.81,0,-3.04,-1.92,0.03,-3.01,-1.62,-0.3,0.09,0.44,-1.19,-1.97,0.87,3.64,-0.44,-1.7,-4.06,-2.57,-0.07,0.25,-0.13,-1.04,-2.85,1.17,-1.54,-3.44,-0.73,-2.78,-0.44,-3.11,1.00283,2.04438,2.3956,1.8287,1.73391,1.93092,0.55231,1.26593,6.60468,2.05576,0.97816,7.76033,2.14649,0.67984,2.0307,2.68409,0.70807,6.8538,1.60252,1.13864,1.23757,5.79033,5.477,5.42758,1.75612,1.56461,1.1996,3.15762,4.52339,6.86807,1.34608,0.66199,0.91677,7.78136,4.29427
10/22/2025,3178.97,-0.52,1.59,1.86,0.8,-3.98,-0.36,1.37,1.38,1.04,-0.32,0,-0.18,-0.17,-0.73,-0.58,1.11,1.04,0.77,0.36,0,0.48,3.29,-0.18,-0.55,0.89,-2.36,-0.07,-1.51,-1.4,1.61,1.98,1.24,-0.81,-0.27,-1.38,1.00283,2.04438,2.3956,1.8287,1.73391,1.93092,0.55231,1.26593,6.60468,2.05576,0.97816,7.76033,2.14649,0.67984,2.0307,2.68409,0.70807,6.8538,1.60252,1.13864,1.23757,5.79033,5.477,5.42758,1.75612,1.56461,1.1996,3.15762,4.52339,6.86807,1.34608,0.66199,0.91677,7.78136,4.29427
10/23/2025,3199.1,1.8,1.22,-0.92,0.83,-1.35,1.78,2.09,0.34,0,-0.67,2.01,2.14,0.09,1.29,4.04,0.39,2.04,0.29,1.35,2.99,0.29,2.64,1.78,0.28,-0.57,0.97,0.27,-0.2,2.76,0,1.66,2.36,2.55,-0.89,0.45,1.00283,2.04438,2.3956,1.8287,1.73391,1.93092,0.55231,1.26593,6.60468,2.05576,0.97816,7.76033,2.14649,0.67984,2.0307,2.68409,0.70807,6.8538,1.60252,1.13864,1.23757,5.79033,5.477,5.42758,1.75612,1.56461,1.1996,3.15762,4.52339,6.86807,1.34608,0.66199,0.91677,7.78136,4.29427
10/26/2025,3231.51,2.94,1.98,1.11,1.03,4.01,1.34,2,3.01,0.03,1.99,2.95,0.67,-0.39,-0.36,1.82,-0.45,2.23,-0.6,1.77,3.75,0.67,-0.09,2.6,-1.85,-0.91,4.11,0.11,0.38,0,-0.19,2.08,0.15,-0.04,0.77,2.3,1.00283,2.04438,2.3956,1.8287,1.73391,1.93092,0.55231,1.26593,6.60468,2.05576,0.97816,7.76033,2.14649,0.67984,2.0307,2.68409,0.70807,6.8538,1.60252,1.13864,1.23757,5.79033,5.477,5.42758,1.75612,1.56461,1.1996,3.15762,4.52339,6.86807,1.34608,0.66199,0.91677,7.78136,4.29427
10/27/2025,3236.46,0.57,-1.3,0.98,-0.03,0.86,-1.32,-0.49,-0.38,0.34,-2.62,1.65,-0.36,2.11,-0.09,-0.18,1.24,-1.29,-1.21,-1.04,-0.41,0.05,0.53,-0.82,-1.96,0.71,0.99,1.53,-1.18,-2.36,0.54,-0.3,-1.22,-1.47,1.02,3.89,1.00283,2.04438,2.3956,1.8287,1.73391,1.93092,0.55231,1.26593,6.60468,2.05576,0.97816,7.76033,2.14649,0.67984,2.0307,2.68409,0.70807,6.8538,1.60252,1.13864,1.23757,5.79033,5.477,5.42758,1.75612,1.56461,1.1996,3.15762,4.52339,6.86807,1.34608,0.66199,0.91677,7.78136,4.29427
10/28/2025,3206.35,-2.65,-0.88,-1.76,-1.18,-5.25,-0.41,-1.51,-0.56,-0.78,-2.03,-1.2,-0.33,-0.09,-0.91,-0.92,0,-1.4,-0.55,0.18,-2.54,-0.57,-0.88,-3.15,-1,-0.3,-3.58,1.33,0.61,-0.67,-0.18,-0.97,-0.84,-1.31,0.57,-0.19,1.00283,2.04438,2.3956,1.8287,1.73391,1.93092,0.55231,1.26593,6.60468,2.05576,0.97816,7.76033,2.14649,0.67984,2.0307,2.68409,0.70807,6.8538,1.60252,1.13864,1.23757,5.79033,5.477,5.42758,1.75612,1.56461,1.1996,3.15762,4.52339,6.86807,1.34608,0.66199,0.91677,7.78136,4.29427
10/29/2025,3260.11,0.54,-0.86,1.99,1.07,9.08,2.46,0.8,1.15,0.78,0.78,0,0.96,0.04,0.92,-0.23,0.68,0.12,0.45,0.09,0.77,1.62,1.25,-0.67,1.8,0.57,3.8,0.86,2.87,0.5,1.09,0.34,1.9,0.17,4.23,6.62,1.00283,2.04438,2.3956,1.8287,1.73391,1.93092,0.55231,1.26593,6.60468,2.05576,0.97816,7.76033,2.14649,0.67984,2.0307,2.68409,0.70807,6.8538,1.60252,1.13864,1.23757,5.79033,5.477,5.42758,1.75612,1.56461,1.1996,3.15762,4.52339,6.86807,1.34608,0.66199,0.91677,7.78136,4.29427
10/30/2025,3273.43,-0.15,-0.23,-0.6,0.12,-2.35,4.12,4.34,-0.46,1.68,0,-1.65,0.78,0.99,4.11,-0.51,1.98,0.07,5.33,2.54,0.7,-0.42,0.79,3.27,1.2,0.41,-1.63,0.85,-1.49,4.93,0.97,-2.02,-0.54,1.61,-1.27,-2.25,1.00283,2.04438,2.3956,1.8287,1.73391,1.93092,0.55231,1.26593,6.60468,2.05576,0.97816,7.76033,2.14649,0.67984,2.0307,2.68409,0.70807,6.8538,1.60252,1.13864,1.23757,5.79033,5.477,5.42758,1.75612,1.56461,1.1996,3.15762,4.52339,6.86807,1.34608,0.66199,0.91677,7.78136,4.29427
11/2/2025,3288.2,0.89,1.45,1.3,0.4,0.74,-0.05,0.33,0.51,0.18,-0.01,0.88,1.17,-0.89,0,0,-0.86,0.09,-0.89,1.45,0,0.66,0,1.61,5.59,1.61,0.69,0.75,-0.57,0.32,-0.3,0.1,0.02,0.41,1.23,2.67,1.00283,2.04438,2.3956,1.8287,1.73391,1.93092,0.55231,1.26593,6.60468,2.05576,0.97816,7.76033,2.14649,0.67984,2.0307,2.68409,0.70807,6.8538,1.60252,1.13864,1.23757,5.79033,5.477,5.42758,1.75612,1.56461,1.1996,3.15762,4.52339,6.86807,1.34608,0.66199,0.91677,7.78136,4.29427
11/3/2025,3320.54,0.27,-1.23,-0.49,0.41,-1.89,1.65,3.95,-0.18,1.5,0.77,2.01,-1.87,2.66,1.4,0.19,2.27,0.52,2.01,1.85,-0.9,2.86,3.4,1.18,-2.32,-1.38,0.34,0.69,0.78,2.86,2.74,3.67,1.16,-0.69,0.9,-2.89,1.00283,2.04438,2.3956,1.8287,1.73391,1.93092,0.55231,1.26593,6.60468,2.05576,0.97816,7.76033,2.14649,0.67984,2.0307,2.68409,0.70807,6.8538,1.60252,1.13864,1.23757,5.79033,5.477,5.42758,1.75612,1.56461,1.1996,3.15762,4.52339,6.86807,1.34608,0.66199,0.91677,7.78136,4.29427
11/4/2025,3317.09,-0.08,1.25,2.16,0.71,-0.83,4.54,0,-0.68,-1.08,-1.25,0.43,-1.79,-1.38,4.84,0.56,-1.56,-0.07,4.73,3.06,0.63,-1.5,0.76,-0.58,0.68,-2.37,-3.07,1.09,3.51,2.85,-1.93,0.33,-0.34,0.24,-0.21,1.97,1.00283,2.04438,2.3956,1.8287,1.73391,1.93092,0.55231,1.26593,6.60468,2.05576,0.97816,7.76033,2.14649,0.67984,2.0307,2.68409,0.70807,6.8538,1.60252,1.13864,1.23757,5.79033,5.477,5.42758,1.75612,1.56461,1.1996,3.15762,4.52339,6.86807,1.34608,0.66199,0.91677,7.78136,4.29427
11/5/2025,3350.98,-0.31,-0.86,-0.36,-0.85,-0.96,2.12,1.19,-0.15,-0.7,-1.18,-3.15,1.11,-0.17,-0.5,-0.14,-0.63,-0.47,2.67,0.56,-0.83,-0.18,-1.76,1.58,-1.55,-1.34,-1.59,0.99,1.85,0,-0.53,-1.58,-1.49,0.38,17.19,1.17,1.00283,2.04438,2.3956,1.8287,1.73391,1.93092,0.55231,1.26593,6.60468,2.05576,0.97816,7.76033,2.14649,0.67984,2.0307,2.68409,0.70807,6.8538,1.60252,1.13864,1.23757,5.79033,5.477,5.42758,1.75612,1.56461,1.1996,3.15762,4.52339,6.86807,1.34608,0.66199,0.91677,7.78136,4.29427
11/6/2025,3335.93,-0.81,-0.4,-0.75,1.16,-1.51,0.1,0.8,-1.33,1.23,0.4,-0.7,0.02,2.04,2.4,-14.78,1.69,-1.2,1.33,2.95,1.68,1.9,-1.11,-2.42,-1.57,-2.11,-8.04,-1.01,1.49,-0.53,0.12,-0.91,0.94,-0.4,0.56,1.44,1.00283,2.04438,2.3956,1.8287,1.73391,1.93092,0.55231,1.26593,6.60468,2.05576,0.97816,7.76033,2.14649,0.67984,2.0307,2.68409,0.70807,6.8538,1.60252,1.13864,1.23757,5.79033,5.477,5.42758,1.75612,1.56461,1.1996,3.15762,4.52339,6.86807,1.34608,0.66199,0.91677,7.78136,4.29427
11/9/2025,3334.88,-1.51,-0.35,-0.1,0.89,-1.66,0.51,0.01,-0.21,0.94,0.6,1.15,-1.63,0.33,-1.54,0.11,-0.33,0.62,1.78,2.17,1.79,-0.23,0.43,0.53,7.09,-2.97,1.23,1.36,-0.19,1.96,0.57,-0.24,-0.52,0.63,-1.91,-3.88,1.00283,2.04438,2.3956,1.8287,1.73391,1.93092,0.55231,1.26593,6.60468,2.05576,0.97816,7.76033,2.14649,0.67984,2.0307,2.68409,0.70807,6.8538,1.60252,1.13864,1.23757,5.79033,5.477,5.42758,1.75612,1.56461,1.1996,3.15762,4.52339,6.86807,1.34608,0.66199,0.91677,7.78136,4.29427
11/10/2025,3372.4,1.18,1.19,1.19,-0.25,-5.95,1.71,-1.15,0.81,-0.12,0.43,1.66,0.65,-0.17,3.7,-0.22,0.45,0.57,1.75,3.49,-0.68,1.55,0.17,-3.17,1.23,-0.22,-0.15,0.16,-0.45,2.37,0.37,1.76,1.23,-0.52,0.99,13.62,1.00283,2.04438,2.3956,1.8287,1.73391,1.93092,0.55231,1.26593,6.60468,2.05576,0.97816,7.76033,2.14649,0.67984,2.0307,2.68409,0.70807,6.8538,1.60252,1.13864,1.23757,5.79033,5.477,5.42758,1.75612,1.56461,1.1996,3.15762,4.52339,6.86807,1.34608,0.66199,0.91677,7.78136,4.29427
11/11/2025,3389.21,-2.45,-0.46,-0.48,-0.74,-2.8,-1.09,0.68,-0.57,1.08,0.06,0.69,2.04,2.12,-2.22,0,1.09,-0.87,-1.83,-0.95,-0.89,1.93,0.77,0,-1.28,2.38,-1.37,-0.49,-2.02,-1.73,1.37,-0.97,0.49,1.39,2.48,4.53,1.00283,2.04438,2.3956,1.8287,1.73391,1.93092,0.55231,1.26593,6.60468,2.05576,0.97816,7.76033,2.14649,0.67984,2.0307,2.68409,0.70807,6.8538,1.60252,1.13864,1.23757,5.79033,5.477,5.42758,1.75612,1.56461,1.1996,3.15762,4.52339,6.86807,1.34608,0.66199,0.91677,7.78136,4.29427
11/12/2025,3434.03,0.72,2.4,-4.01,2.32,-3.6,0.55,1.86,0.73,1.9,0.45,6.93,0.05,1.87,1.78,-3.66,1.76,2.95,1.78,0.3,1.31,1.94,-1.7,0.61,0.84,-1.93,0.59,3.78,-2.63,1.54,2.61,2.66,4.39,-2.06,2.54,4.86,1.00283,2.04438,2.3956,1.8287,1.73391,1.93092,0.55231,1.26593,6.60468,2.05576,0.97816,7.76033,2.14649,0.67984,2.0307,2.68409,0.70807,6.8538,1.60252,1.13864,1.23757,5.79033,5.477,5.42758,1.75612,1.56461,1.1996,3.15762,4.52339,6.86807,1.34608,0.66199,0.91677,7.78136,4.29427
11/13/2025,3434.29,-0.63,0.2,-1.01,-1.03,-2.03,0.6,0.31,0.33,-0.06,-0.98,-1.04,2.95,-0.72,0.32,1.53,-0.57,-0.23,0.3,0.22,-0.2,0.3,1.3,2.77,-1.8,4.61,-2.58,-0.36,0.11,-1.09,-0.5,-0.75,-0.72,0.31,2.47,-1.01,1.00283,2.04438,2.3956,1.8287,1.73391,1.93092,0.55231,1.26593,6.60468,2.05576,0.97816,7.76033,2.14649,0.67984,2.0307,2.68409,0.70807,6.8538,1.60252,1.13864,1.23757,5.79033,5.477,5.42758,1.75612,1.56461,1.1996,3.15762,4.52339,6.86807,1.34608,0.66199,0.91677,7.78136,4.29427
11/16/2025,3447.17,-0.36,0.37,2,1.07,-4.73,3.31,0.52,-0.05,2.19,0.5,-1.37,1.15,0.72,0.87,0.45,1.27,0.32,2.5,0.44,0.27,1.55,5.04,1.11,0.46,5.61,-3.89,2.01,-1.01,-0.44,1.59,2.44,1.26,2.03,-2.47,-4.08,1.00283,2.04438,2.3956,1.8287,1.73391,1.93092,0.55231,1.26593,6.60468,2.05576,0.97816,7.76033,2.14649,0.67984,2.0307,2.68409,0.70807,6.8538,1.60252,1.13864,1.23757,5.79033,5.477,5.42758,1.75612,1.56461,1.1996,3.15762,4.52339,6.86807,1.34608,0.66199,0.91677,7.78136,4.29427
11/17/2025,3451.39,0.72,-1.01,0.05,-0.8,0.7,-0.1,1.99,0,-1.8,6.97,2.21,-1.03,-1.24,0,-0.56,-1.17,-1.96,0.79,1.47,-1.15,-1.69,-1.54,1.91,0,-2.23,0.02,-1.75,1.02,3.01,-1.38,-0.77,-0.42,1.44,0.16,0.5,1.00283,2.04438,2.3956,1.8287,1.73391,1.93092,0.55231,1.26593,6.60468,2.05576,0.97816,7.76033,2.14649,0.67984,2.0307,2.68409,0.70807,6.8538,1.60252,1.13864,1.23757,5.79033,5.477,5.42758,1.75612,1.56461,1.1996,3.15762,4.52339,6.86807,1.34608,0.66199,0.91677,7.78136,4.29427
11/18/2025,3385.71,0.44,-1.33,-4.36,-0.33,-2.04,-1.53,-0.81,-2.13,-0.38,-0.12,-1.76,-2.06,-1.21,-1.1,-1.68,-0.79,0.4,-3.01,-2.1,-1.85,-1.68,0,1.25,-1.83,-18.72,-0.15,0.11,-0.34,-2.14,-1.04,-1.23,0,0.76,-2.04,-2.15,1.00283,2.04438,2.3956,1.8287,1.73391,1.93092,0.55231,1.26593,6.60468,2.05576,0.97816,7.76033,2.14649,0.67984,2.0307,2.68409,0.70807,6.8538,1.60252,1.13864,1.23757,5.79033,5.477,5.42758,1.75612,1.56461,1.1996,3.15762,4.52339,6.86807,1.34608,0.66199,0.91677,7.78136,4.29427
11/19/2025,3395.1,-0.28,-1.58,2.07,-1.35,6.33,0.29,0.03,-1.6,0.23,-5.23,0.65,-1.08,0,0.8,1.59,2.62,-1.41,1.12,1.11,0.07,1.67,-0.08,-1.87,-2.93,-4.35,0.92,2.38,0.31,0,1.72,-2.5,-0.84,0.59,0.38,3.72,1.00283,2.04438,2.3956,1.8287,1.73391,1.93092,0.55231,1.26593,6.60468,2.05576,0.97816,7.76033,2.14649,0.67984,2.0307,2.68409,0.70807,6.8538,1.60252,1.13864,1.23757,5.79033,5.477,5.42758,1.75612,1.56461,1.1996,3.15762,4.52339,6.86807,1.34608,0.66199,0.91677,7.78136,4.29427
11/20/2025,3359.36,-2.06,-2.13,-0.37,-2.07,0.03,-1.5,-1.56,2.56,-1.81,0.9,-2.76,-1.09,-1.97,-2.61,-1.17,-0.93,-1.95,-1.99,-2.19,-2.59,-2.8,-1.24,-3.93,0.48,-3.58,0.39,0,0.79,-1.09,-1.13,-3.14,-1.1,-3.63,-1.01,2.7,1.00283,2.04438,2.3956,1.8287,1.73391,1.93092,0.55231,1.26593,6.60468,2.05576,0.97816,7.76033,2.14649,0.67984,2.0307,2.68409,0.70807,6.8538,1.60252,1.13864,1.23757,5.79033,5.477,5.42758,1.75612,1.56461,1.1996,3.15762,4.52339,6.86807,1.34608,0.66199,0.91677,7.78136,4.29427
11/23/2025,3320.72,-1.96,-2.06,-0.71,-0.68,-5.22,-0.99,-4.32,0.52,0.74,-3.4,-0.5,-1.37,1.67,-0.81,0.51,-0.51,-0.87,-0.49,-1.79,-2.37,0.93,-0.92,-3.13,-2.52,4.6,-2,-1.85,-0.45,0,0.29,-3.69,0,0.47,-1.53,-8.37,1.00283,2.04438,2.3956,1.8287,1.73391,1.93092,0.55231,1.26593,6.60468,2.05576,0.97816,7.76033,2.14649,0.67984,2.0307,2.68409,0.70807,6.8538,1.60252,1.13864,1.23757,5.79033,5.477,5.42758,1.75612,1.56461,1.1996,3.15762,4.52339,6.86807,1.34608,0.66199,0.91677,7.78136,4.29427
11/24/2025,3371.41,3.51,1.34,1.38,2.52,3.64,3.98,0.3,2.4,0.53,0.9,2.51,1.2,1.71,4.09,1.07,-1.16,1.32,4.56,4.71,3.31,-0.31,-1.18,-0.56,1.47,2.36,3.01,0.97,0.76,2.95,-0.09,4.31,0.78,-1.27,3.49,2.74,1.00283,2.04438,2.3956,1.8287,1.73391,1.93092,0.55231,1.26593,6.60468,2.05576,0.97816,7.76033,2.14649,0.67984,2.0307,2.68409,0.70807,6.8538,1.60252,1.13864,1.23757,5.79033,5.477,5.42758,1.75612,1.56461,1.1996,3.15762,4.52339,6.86807,1.34608,0.66199,0.91677,7.78136,4.29427
11/25/2025,3344.86,-1.57,0.48,0.23,-1.28,1.99,-8.9,-0.58,-0.25,-0.67,-2.54,1.39,1.93,-1.36,-3.77,0.56,0.7,-0.8,-3.66,-3.63,-0.71,0,-3.42,2.94,-4.62,-2.33,-0.38,2.46,2.65,-4.01,0.29,0.59,0.94,1.83,0.75,-1.87,1.00283,2.04438,2.3956,1.8287,1.73391,1.93092,0.55231,1.26593,6.60468,2.05576,0.97816,7.76033,2.14649,0.67984,2.0307,2.68409,0.70807,6.8538,1.60252,1.13864,1.23757,5.79033,5.477,5.42758,1.75612,1.56461,1.1996,3.15762,4.52339,6.86807,1.34608,0.66199,0.91677,7.78136,4.29427
11/26/2025,3374.3,0,-0.15,-0.65,0.03,2.99,-0.84,-0.6,-1.85,0.03,1.24,1.94,-1.82,0.5,-0.65,-0.28,-0.01,-2.43,-2.16,-1.58,-0.72,-0.22,0.53,0.12,2.6,-0.32,4.23,0.99,0.11,-2.54,0.58,-0.34,-2.23,1.28,4.24,7.38,1.00283,2.04438,2.3956,1.8287,1.73391,1.93092,0.55231,1.26593,6.60468,2.05576,0.97816,7.76033,2.14649,0.67984,2.0307,2.68409,0.70807,6.8538,1.60252,1.13864,1.23757,5.79033,5.477,5.42758,1.75612,1.56461,1.1996,3.15762,4.52339,6.86807,1.34608,0.66199,0.91677,7.78136,4.29427
11/27/2025,3390.77,-0.49,-0.99,-0.99,0.23,1.78,-0.48,-1.24,-1.22,0.27,-0.24,1.5,1.36,1.62,-0.66,0,0.98,1.1,-0.69,0.99,0.94,1.84,1.06,-0.12,-0.99,-0.79,1.87,0.98,0.35,0.15,0.62,1.38,-7.14,3.39,-0.58,4.01,1.00283,2.04438,2.3956,1.8287,1.73391,1.93092,0.55231,1.26593,6.60468,2.05576,0.97816,7.76033,2.14649,0.67984,2.0307,2.68409,0.70807,6.8538,1.60252,1.13864,1.23757,5.79033,5.477,5.42758,1.75612,1.56461,1.1996,3.15762,4.52339,6.86807,1.34608,0.66199,0.91677,7.78136,4.29427
11/30/2025,3425.82,0.08,-0.09,1.38,0.71,-0.29,3.03,1.29,2.37,2.12,0.41,0.55,1.14,0.69,0.99,1.61,1.31,1.5,2.08,0.76,1.5,0.53,0.09,0,0.21,1.41,-0.44,-0.43,-1.03,0.61,2.26,0.65,-2.44,0.21,1.91,2.06,1.00283,2.04438,2.3956,1.8287,1.73391,1.93092,0.55231,1.26593,6.60468,2.05576,0.97816,7.76033,2.14649,0.67984,2.0307,2.68409,0.70807,6.8538,1.60252,1.13864,1.23757,5.79033,5.477,5.42758,1.75612,1.56461,1.1996,3.15762,4.52339,6.86807,1.34608,0.66199,0.91677,7.78136,4.29427
12/1/2025,3429.69,1.07,0.27,0.99,-0.75,-0.58,-2.89,0.81,0.64,1.38,-1.66,1.16,0.13,0.57,-0.66,-0.82,0.67,-1.39,-1.52,-0.08,-0.14,1.84,1.57,-0.18,-2.7,0.84,-0.99,-1.02,-1.04,1.14,0,-2.54,2.37,-0.2,-0.78,2.02,1.00283,2.04438,2.3956,1.8287,1.73391,1.93092,0.55231,1.26593,6.60468,2.05576,0.97816,7.76033,2.14649,0.67984,2.0307,2.68409,0.70807,6.8538,1.60252,1.13864,1.23757,5.79033,5.477,5.42758,1.75612,1.56461,1.1996,3.15762,4.52339,6.86807,1.34608,0.66199,0.91677,7.78136,4.29427
12/2/2025,3495.1,-0.37,-2.42,1.3,0.86,5.92,2.98,-1.78,0.89,1.04,1,2.38,3.05,1.29,2.89,1.95,2.23,0.1,4.3,1.43,0.35,0.39,0.77,3.83,2.33,1.44,3.8,3.64,1.27,0.53,1.85,4.24,0.8,3.57,1.26,6.84,1.00283,2.04438,2.3956,1.8287,1.73391,1.93092,0.55231,1.26593,6.60468,2.05576,0.97816,7.76033,2.14649,0.67984,2.0307,2.68409,0.70807,6.8538,1.60252,1.13864,1.23757,5.79033,5.477,5.42758,1.75612,1.56461,1.1996,3.15762,4.52339,6.86807,1.34608,0.66199,0.91677,7.78136,4.29427
12/3/2025,3467.16,0.12,-1.05,-0.23,0.76,0.53,2.01,0.02,1.52,-0.26,0.42,1.2,1.89,-0.04,0.24,-7.69,-0.72,0.79,0,0.07,0.35,-1.28,-0.51,-1.35,-2.21,-2.5,-2.02,-0.93,-2.12,0.08,-0.94,-0.57,0.51,1.67,1.72,-6.64,1.00283,2.04438,2.3956,1.8287,1.73391,1.93092,0.55231,1.26593,6.60468,2.05576,0.97816,7.76033,2.14649,0.67984,2.0307,2.68409,0.70807,6.8538,1.60252,1.13864,1.23757,5.79033,5.477,5.42758,1.75612,1.56461,1.1996,3.15762,4.52339,6.86807,1.34608,0.66199,0.91677,7.78136,4.29427
12/4/2025,3506.55,-0.73,0.03,1.18,-1.3,3.08,-2.08,0.42,-2.99,1.43,2.55,-1.7,0.7,1.27,0.24,0.12,2.14,-1.01,-0.79,-0.59,-1.26,0.91,-0.94,0.24,1.31,-0.15,2.46,-0.87,2,-0.6,2.29,-0.34,0.73,2.23,2.97,2.45,1.00283,2.04438,2.3956,1.8287,1.73391,1.93092,0.55231,1.26593,6.60468,2.05576,0.97816,7.76033,2.14649,0.67984,2.0307,2.68409,0.70807,6.8538,1.60252,1.13864,1.23757,5.79033,5.477,5.42758,1.75612,1.56461,1.1996,3.15762,4.52339,6.86807,1.34608,0.66199,0.91677,7.78136,4.29427
12/7/2025,3540.51,0.37,-0.13,1.45,-1.33,1.87,3.67,-1.31,1.44,2.08,-0.06,-1.2,-1.19,1.42,2.87,-1,1.5,-0.22,2.48,2.01,1.06,1.12,0,-1.3,1.44,2.36,1.3,-0.34,-0.63,1.59,2.09,-0.61,0.63,0.95,1.27,-0.3,1.00283,2.04438,2.3956,1.8287,1.73391,1.93092,0.55231,1.26593,6.60468,2.05576,0.97816,7.76033,2.14649,0.67984,2.0307,2.68409,0.70807,6.8538,1.60252,1.13864,1.23757,5.79033,5.477,5.42758,1.75612,1.56461,1.1996,3.15762,4.52339,6.86807,1.34608,0.66199,0.91677,7.78136,4.29427
12/8/2025,3548.5,0.16,-1.22,-0.37,0.68,-0.16,2.59,-0.27,-1.65,-0.69,0.11,-1.37,-1.01,0.54,4.19,-1.13,0.03,0.87,3.85,4.61,0,0.76,2.16,-1.2,0.07,-4.56,1.56,-1.76,-1.84,3.88,0.13,-0.54,0.65,-1.31,-2.16,3.22,1.00283,2.04438,2.3956,1.8287,1.73391,1.93092,0.55231,1.26593,6.60468,2.05576,0.97816,7.76033,2.14649,0.67984,2.0307,2.68409,0.70807,6.8538,1.60252,1.13864,1.23757,5.79033,5.477,5.42758,1.75612,1.56461,1.1996,3.15762,4.52339,6.86807,1.34608,0.66199,0.91677,7.78136,4.29427
12/9/2025,3569.04,-0.94,0.83,0.09,0.32,-0.18,0.15,1.46,0.75,-1.44,4.29,-0.54,0.44,-0.81,-0.15,-1.75,-1.09,-0.84,-0.75,0.91,-0.56,-0.72,-0.84,3.83,0.5,4.51,-1.17,-0.33,1.03,-1.01,-0.15,1.53,-1.14,0.57,2.75,4.02,1.00283,2.04438,2.3956,1.8287,1.73391,1.93092,0.55231,1.26593,6.60468,2.05576,0.97816,7.76033,2.14649,0.67984,2.0307,2.68409,0.70807,6.8538,1.60252,1.13864,1.23757,5.79033,5.477,5.42758,1.75612,1.56461,1.1996,3.15762,4.52339,6.86807,1.34608,0.66199,0.91677,7.78136,4.29427
12/10/2025,3604.65,0.7,-1.1,-0.77,-0.95,0.92,3.16,-1.83,-1.38,1.69,-0.4,-1.4,-1.6,1.44,3.13,-2.39,2.16,-2.14,2.42,3.25,-1.2,1.15,2.21,-2.28,0.78,-1.46,2.15,-0.88,0.39,3.12,1.4,0.91,-0.25,-0.28,0.86,3.81,1.00283,2.04438,2.3956,1.8287,1.73391,1.93092,0.55231,1.26593,6.60468,2.05576,0.97816,7.76033,2.14649,0.67984,2.0307,2.68409,0.70807,6.8538,1.60252,1.13864,1.23757,5.79033,5.477,5.42758,1.75612,1.56461,1.1996,3.15762,4.52339,6.86807,1.34608,0.66199,0.91677,7.78136,4.29427
12/11/2025,3631.85,1.64,2.16,-0.34,1.68,-0.65,0.61,1.67,3.19,0.61,1.29,0.87,1.7,0.57,0.14,2.14,0.19,2.03,1.68,1.81,3.21,0.5,0,0.72,1.82,2.43,-1.64,0.78,1.6,0.21,0.92,2.23,0.81,2.18,2,-1.74,1.00283,2.04438,2.3956,1.8287,1.73391,1.93092,0.55231,1.26593,6.60468,2.05576,0.97816,7.76033,2.14649,0.67984,2.0307,2.68409,0.70807,6.8538,1.60252,1.13864,1.23757,5.79033,5.477,5.42758,1.75612,1.56461,1.1996,3.15762,4.52339,6.86807,1.34608,0.66199,0.91677,7.78136,4.29427
12/14/2025,3614.2,-0.32,-0.16,-0.9,-0.29,-6.27,2.34,0.52,0.53,-0.55,1.18,-0.31,0.39,-1.52,1.15,-1.17,-0.59,0.5,1.31,1.45,1.04,-1.21,-1.25,0,4.12,1.02,-3.92,-1.99,0,1.55,-0.21,-2.44,2.32,0,0.02,-4.64,1.00283,2.04438,2.3956,1.8287,1.73391,1.93092,0.55231,1.26593,6.60468,2.05576,0.97816,7.76033,2.14649,0.67984,2.0307,2.68409,0.70807,6.8538,1.60252,1.13864,1.23757,5.79033,5.477,5.42758,1.75612,1.56461,1.1996,3.15762,4.52339,6.86807,1.34608,0.66199,0.91677,7.78136,4.29427
12/15/2025,3595.63,-2.55,-1.12,0.75,-1.71,0.39,-1.01,-3.19,-3.13,-1.44,-1.02,-1.72,-0.03,0.5,-1,-0.81,-1.73,-2.2,-0.96,2.66,-1.58,-0.04,-2.62,-1.9,3.56,-3,1.67,1.23,-1.25,-1.52,0.8,-0.63,-1.59,0,0.83,0.47,1.00283,2.04438,2.3956,1.8287,1.73391,1.93092,0.55231,1.26593,6.60468,2.05576,0.97816,7.76033,2.14649,0.67984,2.0307,2.68409,0.70807,6.8538,1.60252,1.13864,1.23757,5.79033,5.477,5.42758,1.75612,1.56461,1.1996,3.15762,4.52339,6.86807,1.34608,0.66199,0.91677,7.78136,4.29427
12/16/2025,3607.33,1.87,1.55,0,1.92,-0.17,1.99,-1.76,0,0.08,0.73,1.43,0.27,1,-0.86,0.94,0.03,1.62,1.72,1.08,1.95,0.21,-0.69,-0.73,17.46,-0.32,0.09,0.66,0.6,0,-1.7,-0.77,0.74,1.49,-0.11,-1.77,1.00283,2.04438,2.3956,1.8287,1.73391,1.93092,0.55231,1.26593,6.60468,2.05576,0.97816,7.76033,2.14649,0.67984,2.0307,2.68409,0.70807,6.8538,1.60252,1.13864,1.23757,5.79033,5.477,5.42758,1.75612,1.56461,1.1996,3.15762,4.52339,6.86807,1.34608,0.66199,0.91677,7.78136,4.29427
12/17/2025,3635.08,0.61,0.53,-0.36,-0.37,-3.49,1.81,0.77,-0.18,1.04,6.2,0.31,0.24,0.99,2.25,-1.68,0.36,-0.65,1.78,2.44,-0.27,0.04,-0.52,1.71,7.54,2.2,-1.6,2.74,-3.88,1.9,-0.44,0.88,0.1,0.55,0.69,-0.13,1.00283,2.04438,2.3956,1.8287,1.73391,1.93092,0.55231,1.26593,6.60468,2.05576,0.97816,7.76033,2.14649,0.67984,2.0307,2.68409,0.70807,6.8538,1.60252,1.13864,1.23757,5.79033,5.477,5.42758,1.75612,1.56461,1.1996,3.15762,4.52339,6.86807,1.34608,0.66199,0.91677,7.78136,4.29427
12/18/2025,3661.68,1.46,1.51,-0.38,2.33,-3.62,1.73,2.34,1.99,1.17,-1.14,3.45,3.44,1.32,1.42,2.15,0.59,0.65,1.05,2.99,2.4,0.63,1.32,1.98,4.49,0.71,-0.87,4.2,2.05,-0.34,0.57,-0.13,0.57,0,-0.63,0.8,1.00283,2.04438,2.3956,1.8287,1.73391,1.93092,0.55231,1.26593,6.60468,2.05576,0.97816,7.76033,2.14649,0.67984,2.0307,2.68409,0.70807,6.8538,1.60252,1.13864,1.23757,5.79033,5.477,5.42758,1.75612,1.56461,1.1996,3.15762,4.52339,6.86807,1.34608,0.66199,0.91677,7.78136,4.29427
12/21/2025,3681.73,-1.04,0.18,5.1,0,0.33,1.57,0,-0.71,-0.22,2.63,2.12,-0.11,-0.67,1.96,-0.37,-1.1,-0.25,2.4,2.02,-0.2,-1.05,0.43,1.47,-1.01,-1.21,4.5,1.49,-0.97,1.73,-1.04,-0.64,0.56,0.45,-0.38,1.74,1.00283,2.04438,2.3956,1.8287,1.73391,1.93092,0.55231,1.26593,6.60468,2.05576,0.97816,7.76033,2.14649,0.67984,2.0307,2.68409,0.70807,6.8538,1.60252,1.13864,1.23757,5.79033,5.477,5.42758,1.75612,1.56461,1.1996,3.15762,4.52339,6.86807,1.34608,0.66199,0.91677,7.78136,4.29427
12/22/2025,3708.78,0.16,-0.76,2.01,0.23,1.2,-0.6,-0.62,-1.38,1.35,0.92,1.56,-0.02,1.05,0.62,1.49,1.5,-0.37,1.26,1.45,-0.47,1.36,1.21,1.97,-7.02,1.68,0.84,0.86,0.2,-0.68,1.73,2.74,0,0,2.62,-2.1,1.00283,2.04438,2.3956,1.8287,1.73391,1.93092,0.55231,1.26593,6.60468,2.05576,0.97816,7.76033,2.14649,0.67984,2.0307,2.68409,0.70807,6.8538,1.60252,1.13864,1.23757,5.79033,5.477,5.42758,1.75612,1.56461,1.1996,3.15762,4.52339,6.86807,1.34608,0.66199,0.91677,7.78136,4.29427
12/23/2025,3711.25,1.05,0.52,-1.18,-0.39,1.48,-2.12,1.4,1.66,-1.2,2.61,4.38,1.9,-1.56,-2.53,0.8,-2.18,0.23,-2,-2.01,-0.07,-0.88,0.34,2.33,-0.21,-1.15,-0.46,1.93,2.41,-1.99,-1.3,1.28,1.02,-1.54,1.52,2.96,1.00283,2.04438,2.3956,1.8287,1.73391,1.93092,0.55231,1.26593,6.60468,2.05576,0.97816,7.76033,2.14649,0.67984,2.0307,2.68409,0.70807,6.8538,1.60252,1.13864,1.23757,5.79033,5.477,5.42758,1.75612,1.56461,1.1996,3.15762,4.52339,6.86807,1.34608,0.66199,0.91677,7.78136,4.29427
12/24/2025,3719.65,1.04,2.22,1.81,0.74,1.69,-2.08,2.23,1.86,-0.47,0.31,1.05,1.49,-1.7,-1.19,3.71,-0.96,1.38,-0.68,-1.93,0,-0.97,1.61,2.06,2.16,2.52,1.07,0,-0.22,-0.07,-1.2,2.92,1.28,1.2,0.5,0,1.00283,2.04438,2.3956,1.8287,1.73391,1.93092,0.55231,1.26593,6.60468,2.05576,0.97816,7.76033,2.14649,0.67984,2.0307,2.68409,0.70807,6.8538,1.60252,1.13864,1.23757,5.79033,5.477,5.42758,1.75612,1.56461,1.1996,3.15762,4.52339,6.86807,1.34608,0.66199,0.91677,7.78136,4.29427
12/25/2025,3603.38,-3.71,-2.5,-3.67,-2.95,-1.52,-6.05,-2.39,-1,-5.52,-2.69,-3.81,-5.77,-4.83,-7.59,4.75,-3.48,-1.97,-7.48,-7.27,-0.67,-4.85,-3.93,-1.58,1.39,-1.85,-2.45,-1,-0.74,-6.29,-4.03,-4.38,-3.33,-3.18,-0.79,-1.18,1.00283,2.04438,2.3956,1.8287,1.73391,1.93092,0.55231,1.26593,6.60468,2.05576,0.97816,7.76033,2.14649,0.67984,2.0307,2.68409,0.70807,6.8538,1.60252,1.13864,1.23757,5.79033,5.477,5.42758,1.75612,1.56461,1.1996,3.15762,4.52339,6.86807,1.34608,0.66199,0.91677,7.78136,4.29427
12/28/2025,3618.8,1.35,0.86,3.19,2.68,1.89,-0.43,0.62,-2.95,-0.88,2.15,0.65,2.03,-1.61,-1,-0.95,-0.61,2.39,-0.45,-2.57,0.68,-0.89,2.61,2.27,0.81,0.54,1.9,1.42,0.61,-0.97,-0.85,1.65,-2.34,2.35,1.2,0.75,1.00283,2.04438,2.3956,1.8287,1.73391,1.93092,0.55231,1.26593,6.60468,2.05576,0.97816,7.76033,2.14649,0.67984,2.0307,2.68409,0.70807,6.8538,1.60252,1.13864,1.23757,5.79033,5.477,5.42758,1.75612,1.56461,1.1996,3.15762,4.52339,6.86807,1.34608,0.66199,0.91677,7.78136,4.29427
12/29/2025,3627.18,0.04,-1.18,-0.44,-0.76,-1.69,1.06,-2.16,-3.23,0.71,-0.96,-0.29,0.81,2.46,1.63,0,1.5,-0.74,2.36,4.49,0.07,2.35,-1.19,-2,-3.32,1.85,-1.14,-2,-0.8,2.64,2.02,0,0.38,0.64,-0.89,-1.06,1.00283,2.04438,2.3956,1.8287,1.73391,1.93092,0.55231,1.26593,6.60468,2.05576,0.97816,7.76033,2.14649,0.67984,2.0307,2.68409,0.70807,6.8538,1.60252,1.13864,1.23757,5.79033,5.477,5.42758,1.75612,1.56461,1.1996,3.15762,4.52339,6.86807,1.34608,0.66199,0.91677,7.78136,4.29427
12/30/2025,3661.17,1.05,8.71,0,2.46,1.57,-1.19,1.51,0.75,0.53,1.01,3.15,0.48,1.08,-1.22,0.68,1.27,2.01,-1.07,-1.52,0.94,-0.44,1.54,1.66,5.52,-0.8,1.82,0.58,0.06,-1.54,1.05,0.55,1,0,0.4,2.76,1.00283,2.04438,2.3956,1.8287,1.73391,1.93092,0.55231,1.26593,6.60468,2.05576,0.97816,7.76033,2.14649,0.67984,2.0307,2.68409,0.70807,6.8538,1.60252,1.13864,1.23757,5.79033,5.477,5.42758,1.75612,1.56461,1.1996,3.15762,4.52339,6.86807,1.34608,0.66199,0.91677,7.78136,4.29427
12/31/2025,3631.55,0,1.72,0.14,0.35,-2,-0.53,0.15,0,-1.46,-0.75,0.63,0.06,-0.95,-4.02,2.69,0.29,0.32,-2.01,-0.83,3.93,-1.46,-1.69,-2.12,3.6,-0.97,-1.01,2.81,-2.85,-1.72,-1.27,1,-1.22,1.19,0.2,-5.45,1.00283,2.04438,2.3956,1.8287,1.73391,1.93092,0.55231,1.26593,6.60468,2.05576,0.97816,7.76033,2.14649,0.67984,2.0307,2.68409,0.70807,6.8538,1.60252,1.13864,1.23757,5.79033,5.477,5.42758,1.75612,1.56461,1.1996,3.15762,4.52339,6.86807,1.34608,0.66199,0.91677,7.78136,4.29427
1/1/2026,3695.29,0.04,1.72,0.59,0,-0.88,0.88,1.13,1.6,4.41,1.43,3.59,-0.48,3.07,0.16,0.55,3.42,3.19,-2.35,4.08,-1.86,4.77,2.06,2.16,9.58,1.74,-1.76,4.16,1,2.43,3.32,-0.29,2.99,-2.25,-1.36,0.94,0.9128,1.9083,2.41477,1.78637,1.46571,2.10692,0.43839,1.1498,6.21299,2.78099,6.94658,1.95278,0.69881,2.12983,1.90626,6.93474,1.34259,1.4239,1.27938,1.26911,5.12317,3.29523,4.69452,1.759,1.44003,1.85533,1.59013,3.03224,4.5403,7.19877,1.19148,0.67236,0.92814,9.45975,6.15854
1/5/2026,3738.33,6.84,3.16,1.81,5.77,11.61,1.98,0.07,11.9,-1.84,5.27,4.67,6.11,-0.93,4.9,-3.75,-2.2,6.45,4.18,2.36,2.61,-1.97,-4.88,1.74,-2.65,-0.25,11.72,3.49,1.69,2.22,-2.35,9.62,3.35,2.21,-2.82,-0.93,0.9128,1.9083,2.41477,1.78637,1.46571,2.10692,0.43839,1.1498,6.21299,2.78099,6.94658,1.95278,0.69881,2.12983,1.90626,6.93474,1.34259,1.4239,1.27938,1.26911,5.12317,3.29523,4.69452,1.759,1.44003,1.85533,1.59013,3.03224,4.5403,7.19877,1.19148,0.67236,0.92814,9.45975,6.15854
1/6/2026,3845.39,0,1.77,-0.52,-1.14,10.85,0.52,-0.41,3.83,3.09,2.02,3.31,1.31,1.84,-0.46,0.34,3.48,-0.44,-0.59,0.67,0.06,3.55,-1.06,1.49,6.83,2.92,5.91,0,1.06,1.81,4.13,0.79,-1.35,-0.81,6.6,4.8,0.9128,1.9083,2.41477,1.78637,1.46571,2.10692,0.43839,1.1498,6.21299,2.78099,6.94658,1.95278,0.69881,2.12983,1.90626,6.93474,1.34259,1.4239,1.27938,1.26911,5.12317,3.29523,4.69452,1.759,1.44003,1.85533,1.59013,3.03224,4.5403,7.19877,1.19148,0.67236,0.92814,9.45975,6.15854
1/7/2026,3845.78,0,2.86,0.87,-0.6,0.95,-2.21,-3.45,-2.44,0.31,4.14,-2.71,1.26,0.31,-0.08,-0.68,0.9,-0.33,-2.01,-1.99,2.74,1.44,-6.53,-0.11,-0.59,-0.59,-1.28,-3.2,1.43,-1.64,0.28,-0.03,1.46,-0.45,-0.1,-1.05,0.9128,1.9083,2.41477,1.78637,1.46571,2.10692,0.43839,1.1498,6.21299,2.78099,6.94658,1.95278,0.69881,2.12983,1.90626,6.93474,1.34259,1.4239,1.27938,1.26911,5.12317,3.29523,4.69452,1.759,1.44003,1.85533,1.59013,3.03224,4.5403,7.19877,1.19148,0.67236,0.92814,9.45975,6.15854
1/8/2026,3830.54,0.67,2.73,0,0.2,-5.14,0.67,-1.58,-0.58,-0.14,3.14,1.01,0.94,-0.57,0,0.11,-0.18,0.36,0.81,0,-0.19,-0.63,-0.96,-0.53,3.87,0.32,-3.38,-1.63,-0.41,0.07,-1.09,-0.75,-2.48,-0.73,0.19,-6.08,0.9128,1.9083,2.41477,1.78637,1.46571,2.10692,0.43839,1.1498,6.21299,2.78099,6.94658,1.95278,0.69881,2.12983,1.90626,6.93474,1.34259,1.4239,1.27938,1.26911,5.12317,3.29523,4.69452,1.759,1.44003,1.85533,1.59013,3.03224,4.5403,7.19877,1.19148,0.67236,0.92814,9.45975,6.15854
1/9/2026,3857.77,0.07,-0.57,-0.62,0.54,3.18,0.72,1.37,0.61,1.31,-2.35,1.51,-0.21,1.46,-1.31,0.11,1.24,-0.97,-0.23,-0.98,-0.19,1.01,3.67,1.32,-3.24,-0.67,1.82,-0.99,-1.31,1.59,2.2,-0.32,1.67,-0.18,0.78,4.82,0.9128,1.9083,2.41477,1.78637,1.46571,2.10692,0.43839,1.1498,6.21299,2.78099,6.94658,1.95278,0.69881,2.12983,1.90626,6.93474,1.34259,1.4239,1.27938,1.26911,5.12317,3.29523,4.69452,1.759,1.44003,1.85533,1.59013,3.03224,4.5403,7.19877,1.19148,0.67236,0.92814,9.45975,6.15854
1/12/2026,3884.13,-0.07,0.64,-0.28,-1.46,2.17,-0.52,-0.74,2.41,-1.27,7.57,-0.99,-1.86,-1.9,0.47,-2.94,0.21,0.29,-1.96,-1.43,0.44,-0.83,2.05,-0.47,5.56,-1.52,5.03,1.29,2.65,0.07,-0.21,-1.5,-0.33,0.46,0,-0.81,0.9128,1.9083,2.41477,1.78637,1.46571,2.10692,0.43839,1.1498,6.21299,2.78099,6.94658,1.95278,0.69881,2.12983,1.90626,6.93474,1.34259,1.4239,1.27938,1.26911,5.12317,3.29523,4.69452,1.759,1.44003,1.85533,1.59013,3.03224,4.5403,7.19877,1.19148,0.67236,0.92814,9.45975,6.15854
1/13/2026,3866.86,-0.89,1.52,-1.52,0.82,6.37,-1.53,1.32,-3.17,-0.89,-2.89,2.62,-2.95,-1.01,-1.32,-0.87,-0.44,0,-1.54,-1.32,-0.74,-0.67,-0.82,0.31,-2.38,0.58,0.46,-0.99,3.52,-1.42,-0.38,0.06,-0.12,0.64,-2.6,2.41,0.9128,1.9083,2.41477,1.78637,1.46571,2.10692,0.43839,1.1498,6.21299,2.78099,6.94658,1.95278,0.69881,2.12983,1.90626,6.93474,1.34259,1.4239,1.27938,1.26911,5.12317,3.29523,4.69452,1.759,1.44003,1.85533,1.59013,3.03224,4.5403,7.19877,1.19148,0.67236,0.92814,9.45975,6.15854
1/14/2026,3928.48,0,1.98,2.39,-1.63,-5.52,4.21,1.46,-0.4,3.61,1.5,-1.46,0.13,3.52,2.68,1.35,3.52,-2,2.89,2.24,0.31,3.16,1.66,-0.37,2.31,0.74,1.63,1.29,-1.61,3.97,3.36,-3.3,0.02,2.28,0.69,0.41,0.9128,1.9083,2.41477,1.78637,1.46571,2.10692,0.43839,1.1498,6.21299,2.78099,6.94658,1.95278,0.69881,2.12983,1.90626,6.93474,1.34259,1.4239,1.27938,1.26911,5.12317,3.29523,4.69452,1.759,1.44003,1.85533,1.59013,3.03224,4.5403,7.19877,1.19148,0.67236,0.92814,9.45975,6.15854
1/15/2026,3963.43,-0.49,-0.38,-0.37,-0.86,7.6,0.88,-3.08,1.34,0.92,1.63,-0.93,-0.87,0.75,2.3,0.52,0.8,-0.05,2.3,3.38,1.24,0.61,-2.9,-1.21,-2.38,-2.74,8.23,-1.69,-2.08,0.28,1.07,0.34,-1.75,2.94,-0.49,3.78,0.9128,1.9083,2.41477,1.78637,1.46571,2.10692,0.43839,1.1498,6.21299,2.78099,6.94658,1.95278,0.69881,2.12983,1.90626,6.93474,1.34259,1.4239,1.27938,1.26911,5.12317,3.29523,4.69452,1.759,1.44003,1.85533,1.59013,3.03224,4.5403,7.19877,1.19148,0.67236,0.92814,9.45975,6.15854
1/16/2026,3971.91,1.36,2.81,1.75,1.11,0.76,0.64,0.6,-0.02,0.38,-0.53,-0.06,0.95,-0.52,1.12,-2.6,-0.29,0.95,0.59,1.15,0.55,0.93,0.65,2.28,0.41,1.53,-0.04,-1.06,0.11,0.28,-0.21,0.92,-0.1,2.08,0,-1.27,0.9128,1.9083,2.41477,1.78637,1.46571,2.10692,0.43839,1.1498,6.21299,2.78099,6.94658,1.95278,0.69881,2.12983,1.90626,6.93474,1.34259,1.4239,1.27938,1.26911,5.12317,3.29523,4.69452,1.759,1.44003,1.85533,1.59013,3.03224,4.5403,7.19877,1.19148,0.67236,0.92814,9.45975,6.15854
1/19/2026,3968.81,-0.89,-1.3,2.17,-1.68,-1.52,0.64,-0.12,-1.18,-0.83,0.9,8.23,-1.84,-0.23,1.33,-1.95,-0.48,-0.11,-0.79,0,-1.47,-1.81,0.28,-3.12,7.69,-5.19,-0.31,-1.16,1.13,1.45,0.06,-2.83,-0.73,0.08,-1.68,0.48,0.9128,1.9083,2.41477,1.78637,1.46571,2.10692,0.43839,1.1498,6.21299,2.78099,6.94658,1.95278,0.69881,2.12983,1.90626,6.93474,1.34259,1.4239,1.27938,1.26911,5.12317,3.29523,4.69452,1.759,1.44003,1.85533,1.59013,3.03224,4.5403,7.19877,1.19148,0.67236,0.92814,9.45975,6.15854
1/20/2026,3948.41,-1.8,-0.26,-0.81,0.14,3.23,-1,-0.71,-1.48,-1.62,0.31,-2.13,-0.45,-1.02,-1.32,0.36,-1.37,-2.01,-1.91,-3.47,-1.98,-1.43,1.94,-0.48,-2.26,2.14,4.28,1.66,-1.84,-1.09,-2.11,-3.85,-0.83,-1.1,-0.17,-0.08,0.9128,1.9083,2.41477,1.78637,1.46571,2.10692,0.43839,1.1498,6.21299,2.78099,6.94658,1.95278,0.69881,2.12983,1.90626,6.93474,1.34259,1.4239,1.27938,1.26911,5.12317,3.29523,4.69452,1.759,1.44003,1.85533,1.59013,3.03224,4.5403,7.19877,1.19148,0.67236,0.92814,9.45975,6.15854
1/21/2026,3932.19,-3.06,-0.59,-1.43,-2.16,-3.24,-2.34,0.63,-1.17,-0.44,-1.43,-2.06,-2.11,-0.5,-2,0.78,-0.59,-2.42,-3.54,-2.23,-2.09,-0.75,-0.54,-1.94,-0.19,0.96,0,3.81,2.52,-2.48,-0.8,-0.75,-0.79,-0.51,0.37,5.23,0.9128,1.9083,2.41477,1.78637,1.46571,2.10692,0.43839,1.1498,6.21299,2.78099,6.94658,1.95278,0.69881,2.12983,1.90626,6.93474,1.34259,1.4239,1.27938,1.26911,5.12317,3.29523,4.69452,1.759,1.44003,1.85533,1.59013,3.03224,4.5403,7.19877,1.19148,0.67236,0.92814,9.45975,6.15854
1/22/2026,3973.26,0.83,1.51,3.52,1.32,0.11,3.43,-0.65,2.94,1.69,-1.37,1.74,2.67,0.96,2.72,-0.12,0.76,1.39,3.19,4.37,0.13,2.6,1.37,2.2,3.28,1.4,0.17,3.29,2.91,3.67,0.13,1.28,1.35,1.89,-0.75,-1.14,0.9128,1.9083,2.41477,1.78637,1.46571,2.10692,0.43839,1.1498,6.21299,2.78099,6.94658,1.95278,0.69881,2.12983,1.90626,6.93474,1.34259,1.4239,1.27938,1.26911,5.12317,3.29523,4.69452,1.759,1.44003,1.85533,1.59013,3.03224,4.5403,7.19877,1.19148,0.67236,0.92814,9.45975,6.15854
1/23/2026,3986.63,-0.51,0.68,-0.27,-0.2,-0.04,3.18,2.54,-0.58,-1.28,2.98,2.19,-0.15,-0.57,2.8,-0.12,-1.62,0.12,2.28,1.52,-1.29,-0.86,0.72,3.12,0.52,-3.24,0.94,2.61,0.51,2.04,-0.32,3.56,0.79,1.1,0.36,-1.8,0.9128,1.9083,2.41477,1.78637,1.46571,2.10692,0.43839,1.1498,6.21299,2.78099,6.94658,1.95278,0.69881,2.12983,1.90626,6.93474,1.34259,1.4239,1.27938,1.26911,5.12317,3.29523,4.69452,1.759,1.44003,1.85533,1.59013,3.03224,4.5403,7.19877,1.19148,0.67236,0.92814,9.45975,6.15854
1/26/2026,4005.65,-0.94,0.02,0.58,0.72,0.46,-1.94,-0.13,-0.05,2.18,-2.19,3.41,-0.36,2.44,-0.29,1.8,2.22,-0.26,-1.12,-1.73,0.33,1.61,1.79,2.45,1.89,3.95,-0.5,2.98,-1.02,-1.93,1.3,-3.75,1.81,0.84,-0.5,-0.07,0.9128,1.9083,2.41477,1.78637,1.46571,2.10692,0.43839,1.1498,6.21299,2.78099,6.94658,1.95278,0.69881,2.12983,1.90626,6.93474,1.34259,1.4239,1.27938,1.26911,5.12317,3.29523,4.69452,1.759,1.44003,1.85533,1.59013,3.03224,4.5403,7.19877,1.19148,0.67236,0.92814,9.45975,6.15854
1/27/2026,4009.36,0.36,0.6,-0.59,-0.88,-0.39,-2.16,-0.12,-1.62,0.19,1.43,-0.84,-1.96,-0.15,-0.65,0.24,-0.53,-0.09,-3.26,-0.91,-0.65,-0.32,-0.7,0.41,5.1,-2.4,2.32,0.68,0.31,-0.75,0.44,-0.81,-1.44,-1.91,0.46,0.27,0.9128,1.9083,2.41477,1.78637,1.46571,2.10692,0.43839,1.1498,6.21299,2.78099,6.94658,1.95278,0.69881,2.12983,1.90626,6.93474,1.34259,1.4239,1.27938,1.26911,5.12317,3.29523,4.69452,1.759,1.44003,1.85533,1.59013,3.03224,4.5403,7.19877,1.19148,0.67236,0.92814,9.45975,6.15854
1/28/2026,3980.54,-1.42,-2.23,2.66,0.66,1.3,-0.32,2.18,-2.15,-2.39,0,0.51,-0.29,-1.64,-2.46,-1,-2.18,-1.17,-1.71,-2.95,-1.7,-1.22,4.24,-0.61,5.72,-1.38,-0.5,-2.14,0.28,-1.37,-2.14,-1.01,-1.34,-0.93,-0.65,-0.37,0.9128,1.9083,2.41477,1.78637,1.46571,2.10692,0.43839,1.1498,6.21299,2.78099,6.94658,1.95278,0.69881,2.12983,1.90626,6.93474,1.34259,1.4239,1.27938,1.26911,5.12317,3.29523,4.69452,1.759,1.44003,1.85533,1.59013,3.03224,4.5403,7.19877,1.19148,0.67236,0.92814,9.45975,6.15854
1/29/2026,3978.87,-1.96,0.09,0.2,-1.3,0.39,1.47,1.32,-3.45,-1.54,-0.55,1.57,-1.08,-0.46,2.22,0.36,-1.02,-1.89,2.11,2.78,-1.93,-1.19,0.59,1.27,-3.93,-4.58,0.11,1.76,2.05,2.15,-1.11,-0.46,0.54,-1.88,2.82,-0.22,0.9128,1.9083,2.41477,1.78637,1.46571,2.10692,0.43839,1.1498,6.21299,2.78099,6.94658,1.95278,0.69881,2.12983,1.90626,6.93474,1.34259,1.4239,1.27938,1.26911,5.12317,3.29523,4.69452,1.759,1.44003,1.85533,1.59013,3.03224,4.5403,7.19877,1.19148,0.67236,0.92814,9.45975,6.15854
1/30/2026,4003.67,-1.47,-1.81,1.84,-1.35,3.33,2.91,1.08,0.23,2.6,-2.2,-2.76,-0.23,0.69,3.41,-0.35,0.9,-1.92,3.2,2.77,-1.22,1.42,1.43,-0.05,-4.81,-0.72,3.49,-0.99,-1.48,2.65,1.26,-0.66,-1.77,1.83,-0.69,3.64,0.9128,1.9083,2.41477,1.78637,1.46571,2.10692,0.43839,1.1498,6.21299,2.78099,6.94658,1.95278,0.69881,2.12983,1.90626,6.93474,1.34259,1.4239,1.27938,1.26911,5.12317,3.29523,4.69452,1.759,1.44003,1.85533,1.59013,3.03224,4.5403,7.19877,1.19148,0.67236,0.92814,9.45975,6.15854
2/2/2026,4049.32,2.49,0.72,-1.15,2.89,-5.21,2.51,2.55,2.58,1.28,-0.82,3.01,0.48,3.37,6.03,-1.01,0.64,2.08,2.65,4.43,2.82,1.19,-2.08,2.22,-1.18,0.6,-7.6,0.53,0.18,2.65,1.39,-0.1,4.35,0.77,6.93,2.37,0.9128,1.9083,2.41477,1.78637,1.46571,2.10692,0.43839,1.1498,6.21299,2.78099,6.94658,1.95278,0.69881,2.12983,1.90626,6.93474,1.34259,1.4239,1.27938,1.26911,5.12317,3.29523,4.69452,1.759,1.44003,1.85533,1.59013,3.03224,4.5403,7.19877,1.19148,0.67236,0.92814,9.45975,6.15854
2/3/2026,4119.81,0,2.47,2.52,1.21,-2.01,3.01,2.3,1.85,0.92,0.57,5.35,1.29,2.01,4.16,1.74,0.17,1.32,7.29,1.49,0,1.06,0.08,2.27,5.01,0.54,-1.61,5.89,1.68,5.81,1.26,3.11,1.84,0,5.09,-2.76,0.9128,1.9083,2.41477,1.78637,1.46571,2.10692,0.43839,1.1498,6.21299,2.78099,6.94658,1.95278,0.69881,2.12983,1.90626,6.93474,1.34259,1.4239,1.27938,1.26911,5.12317,3.29523,4.69452,1.759,1.44003,1.85533,1.59013,3.03224,4.5403,7.19877,1.19148,0.67236,0.92814,9.45975,6.15854
2/4/2026,4120.51,0.41,-0.84,2.65,0.04,-1.01,0.63,-2,-1.69,2.86,-0.94,-1.31,-0.14,1.94,0.57,0,2.89,0.28,0.91,1.69,-1.61,1.45,1.36,-4.39,1.8,0.18,-4.38,0.81,1,-0.06,2.01,0.1,1.83,1.19,-0.53,-5.6,0.9128,1.9083,2.41477,1.78637,1.46571,2.10692,0.43839,1.1498,6.21299,2.78099,6.94658,1.95278,0.69881,2.12983,1.90626,6.93474,1.34259,1.4239,1.27938,1.26911,5.12317,3.29523,4.69452,1.759,1.44003,1.85533,1.59013,3.03224,4.5403,7.19877,1.19148,0.67236,0.92814,9.45975,6.15854
2/5/2026,4039.01,-1.17,0.35,-2.49,0.47,-2.34,-1.99,1.03,0.27,-1.43,-3.81,-4.03,-0.32,-0.39,-1.26,1.59,-2.22,-1.98,-2.07,-3.17,-1.02,-1.39,-2.09,-1.76,-4.14,2.8,-1.33,-3.34,-1.74,-0.92,-2.07,2.69,0.62,-0.34,-5.4,-1.34,0.9128,1.9083,2.41477,1.78637,1.46571,2.10692,0.43839,1.1498,6.21299,2.78099,6.94658,1.95278,0.69881,2.12983,1.90626,6.93474,1.34259,1.4239,1.27938,1.26911,5.12317,3.29523,4.69452,1.759,1.44003,1.85533,1.59013,3.03224,4.5403,7.19877,1.19148,0.67236,0.92814,9.45975,6.15854
2/6/2026,4051.87,-1.96,-1.12,-0.33,-1.12,3.19,0.89,-0.36,-0.29,-0.26,0.54,1.66,-1.36,-1.63,1.09,-2.43,0.26,-0.43,-0.99,1.66,-1.17,-0.56,2.05,1.08,1.74,-1.71,2.57,-0.35,-4.04,-1.66,0.48,-0.41,-0.69,-1.6,1.31,4.27,0.9128,1.9083,2.41477,1.78637,1.46571,2.10692,0.43839,1.1498,6.21299,2.78099,6.94658,1.95278,0.69881,2.12983,1.90626,6.93474,1.34259,1.4239,1.27938,1.26911,5.12317,3.29523,4.69452,1.759,1.44003,1.85533,1.59013,3.03224,4.5403,7.19877,1.19148,0.67236,0.92814,9.45975,6.15854
2/9/2026,4119.77,-0.96,-0.94,1.39,0.26,4.49,0.38,1.94,0.54,0.92,-1.82,2.01,-1.42,0.97,-0.44,0.89,1.8,-0.39,4.46,1.86,0.21,1.45,-2.26,2.69,3.2,0.74,4.44,0.51,0.16,2.13,2.25,-0.79,1.62,1.62,-1.48,11.19,0.9128,1.9083,2.41477,1.78637,1.46571,2.10692,0.43839,1.1498,6.21299,2.78099,6.94658,1.95278,0.69881,2.12983,1.90626,6.93474,1.34259,1.4239,1.27938,1.26911,5.12317,3.29523,4.69452,1.759,1.44003,1.85533,1.59013,3.03224,4.5403,7.19877,1.19148,0.67236,0.92814,9.45975,6.15854
2/10/2026,4193.47,-5.3,5.83,2.62,3.75,1.36,4.14,2.83,2.05,3.22,2.7,1.23,1.3,1.74,5.65,3.24,3.31,1.87,6.96,2.55,2.57,1.15,1.88,1.83,1.99,3.07,1.19,0.06,0.26,2.82,2.22,2.3,0,4.96,-0.19,-4.39,0.9128,1.9083,2.41477,1.78637,1.46571,2.10692,0.43839,1.1498,6.21299,2.78099,6.94658,1.95278,0.69881,2.12983,1.90626,6.93474,1.34259,1.4239,1.27938,1.26911,5.12317,3.29523,4.69452,1.759,1.44003,1.85533,1.59013,3.03224,4.5403,7.19877,1.19148,0.67236,0.92814,9.45975,6.15854
2/11/2026,4160.4,-0.67,1.35,-1.25,-0.98,3.98,-2.81,-0.32,-0.55,1.06,-3.52,0.47,-0.05,0.28,-2.34,-0.51,-0.54,0.69,0.87,-0.16,-1.29,0.04,1.76,0.24,-1.09,-4.8,1.32,-0.68,-1.78,-1.13,-0.05,0.03,0.68,5.28,-1.32,-5.01,0.9128,1.9083,2.41477,1.78637,1.46571,2.10692,0.43839,1.1498,6.21299,2.78099,6.94658,1.95278,0.69881,2.12983,1.90626,6.93474,1.34259,1.4239,1.27938,1.26911,5.12317,3.29523,4.69452,1.759,1.44003,1.85533,1.59013,3.03224,4.5403,7.19877,1.19148,0.67236,0.92814,9.45975,6.15854
2/12/2026,4190.56,3.08,3,-0.16,2.47,-0.61,2.89,0.77,3.23,2.38,1.66,5.19,-0.42,3.56,2.52,1.43,1.01,3.7,2.6,1.95,2.74,2.28,0.33,0.48,-5.62,-0.63,-5.02,0.34,-0.27,2.35,1.85,0.94,2.17,-0.3,-1.14,-2.33,0.9128,1.9083,2.41477,1.78637,1.46571,2.10692,0.43839,1.1498,6.21299,2.78099,6.94658,1.95278,0.69881,2.12983,1.90626,6.93474,1.34259,1.4239,1.27938,1.26911,5.12317,3.29523,4.69452,1.759,1.44003,1.85533,1.59013,3.03224,4.5403,7.19877,1.19148,0.67236,0.92814,9.45975,6.15854
2/13/2026,4170.22,0.69,-1.1,-0.8,-1.26,0.21,-0.44,0.18,-1.42,-0.66,0.31,-1.94,-0.17,-0.91,-1.62,-0.06,-1.66,-0.02,-1.17,-2.87,-0.47,-1.46,0,0.24,0.07,-4.14,0.42,1.45,-0.91,-0.41,-1.6,-0.84,-0.6,1.37,0.67,2.79,0.9128,1.9083,2.41477,1.78637,1.46571,2.10692,0.43839,1.1498,6.21299,2.78099,6.94658,1.95278,0.69881,2.12983,1.90626,6.93474,1.34259,1.4239,1.27938,1.26911,5.12317,3.29523,4.69452,1.759,1.44003,1.85533,1.59013,3.03224,4.5403,7.19877,1.19148,0.67236,0.92814,9.45975,6.15854
2/16/2026,4185.75,-0.6,-1.83,0.3,0.37,3.95,1.37,2.42,5.28,-0.64,-0.2,2.54,1.51,1.16,2.32,-0.56,-0.18,1.12,2.01,3.33,-0.13,-0.51,2.96,0.48,4.67,-2.88,0.6,1.16,-0.51,0.59,-0.72,0.94,-0.47,-0.45,0.77,-1.26,0.9128,1.9083,2.41477,1.78637,1.46571,2.10692,0.43839,1.1498,6.21299,2.78099,6.94658,1.95278,0.69881,2.12983,1.90626,6.93474,1.34259,1.4239,1.27938,1.26911,5.12317,3.29523,4.69452,1.759,1.44003,1.85533,1.59013,3.03224,4.5403,7.19877,1.19148,0.67236,0.92814,9.45975,6.15854
2/17/2026,4196.3,-2.12,4.08,0.46,-1.54,-4.39,-0.92,-1.18,-0.52,0.2,1.96,12.04,-3.03,-1.21,-2.09,1.19,0.01,-1.22,-2.63,-1.64,-3.29,-0.47,-0.32,0.19,0.78,-0.97,-2.21,3.71,4.21,-1.18,0.43,0.96,-0.63,2.19,1.99,-3.46,0.9128,1.9083,2.41477,1.78637,1.46571,2.10692,0.43839,1.1498,6.21299,2.78099,6.94658,1.95278,0.69881,2.12983,1.90626,6.93474,1.34259,1.4239,1.27938,1.26911,5.12317,3.29523,4.69452,1.759,1.44003,1.85533,1.59013,3.03224,4.5403,7.19877,1.19148,0.67236,0.92814,9.45975,6.15854
2/18/2026,4232.65,1.15,-4.03,-0.91,-1.52,4.06,1.41,1.1,1.38,-0.07,4.33,3.45,0.1,0.95,1.04,-3.93,0.58,1.69,2.11,1.56,-1.88,0.28,-0.24,0.05,0.17,-1.95,2.95,4.19,-0.89,1.19,-0.19,-1.26,-1.35,2.74,-0.93,3.99,0.9128,1.9083,2.41477,1.78637,1.46571,2.10692,0.43839,1.1498,6.21299,2.78099,6.94658,1.95278,0.69881,2.12983,1.90626,6.93474,1.34259,1.4239,1.27938,1.26911,5.12317,3.29523,4.69452,1.759,1.44003,1.85533,1.59013,3.03224,4.5403,7.19877,1.19148,0.67236,0.92814,9.45975,6.15854
2/19/2026,4210.39,1.01,2.51,0.26,-0.15,-3.26,-0.91,2.45,1.05,-2.28,1.77,-6.11,-1.17,-2.26,-1.21,-1.11,-2.28,1.51,-2.04,-1.43,-0.42,-2.16,2.89,-0.48,4.89,13.62,0.11,1.59,-1.29,-1.76,-1.66,0.12,0.98,0.79,0,-3.08,0.9128,1.9083,2.41477,1.78637,1.46571,2.10692,0.43839,1.1498,6.21299,2.78099,6.94658,1.95278,0.69881,2.12983,1.90626,6.93474,1.34259,1.4239,1.27938,1.26911,5.12317,3.29523,4.69452,1.759,1.44003,1.85533,1.59013,3.03224,4.5403,7.19877,1.19148,0.67236,0.92814,9.45975,6.15854
2/20/2026,4232.11,0,2.8,0.18,-0.47,0.1,1.84,1.8,1.55,-0.25,3.2,1.09,0.92,-1.48,2.75,-0.71,-1.63,2.35,2.29,0.7,-0.14,-1.45,2.11,1.15,6.04,5.41,-1.49,-2.28,-1.38,0.84,-0.94,1.77,0.47,-0.29,0.85,-0.35,0.9128,1.9083,2.41477,1.78637,1.46571,2.10692,0.43839,1.1498,6.21299,2.78099,6.94658,1.95278,0.69881,2.12983,1.90626,6.93474,1.34259,1.4239,1.27938,1.26911,5.12317,3.29523,4.69452,1.759,1.44003,1.85533,1.59013,3.03224,4.5403,7.19877,1.19148,0.67236,0.92814,9.45975,6.15854
2/23/2026,4243.47,-4.65,-3.73,1.27,-0.35,-5.57,0.51,-1.65,1.41,2.54,-1.27,0.54,-0.59,0.73,2.02,-2.02,1.76,-2.77,-0.2,0.8,-3.27,2.57,-4.74,-2.37,5.42,1.61,0.44,5.23,-4.18,1.19,2.04,1.07,1.03,-1.15,-2.05,0.23,0.9128,1.9083,2.41477,1.78637,1.46571,2.10692,0.43839,1.1498,6.21299,2.78099,6.94658,1.95278,0.69881,2.12983,1.90626,6.93474,1.34259,1.4239,1.27938,1.26911,5.12317,3.29523,4.69452,1.759,1.44003,1.85533,1.59013,3.03224,4.5403,7.19877,1.19148,0.67236,0.92814,9.45975,6.15854
2/24/2026,4169,-3.44,-1.14,-0.77,-2.91,9.05,-7.89,-1.22,-2.72,-2.18,0.5,-3.13,-0.65,-1.01,-6.87,-1.76,-1.56,-3.01,-8.66,-8.73,-2.5,-1.91,-0.72,-1.31,-3,-2.84,1.73,-1.57,1.55,-6.81,-2.39,-1.6,-2.16,0.22,0.86,-0.58,0.9128,1.9083,2.41477,1.78637,1.46571,2.10692,0.43839,1.1498,6.21299,2.78099,6.94658,1.95278,0.69881,2.12983,1.90626,6.93474,1.34259,1.4239,1.27938,1.26911,5.12317,3.29523,4.69452,1.759,1.44003,1.85533,1.59013,3.03224,4.5403,7.19877,1.19148,0.67236,0.92814,9.45975,6.15854
2/25/2026,4162.9,0.82,-3.1,-1.53,-0.74,5.73,2.37,-0.33,0.07,-0.71,-0.3,0.55,-1.12,-1.93,1.5,-2.6,-0.01,-0.8,-0.79,1.45,-0.23,-0.81,-2.91,-0.1,0.03,-1.88,0.98,1.1,-1.28,1.32,-0.32,-2.63,0,0.22,-0.94,0.89,0.9128,1.9083,2.41477,1.78637,1.46571,2.10692,0.43839,1.1498,6.21299,2.78099,6.94658,1.95278,0.69881,2.12983,1.90626,6.93474,1.34259,1.4239,1.27938,1.26911,5.12317,3.29523,4.69452,1.759,1.44003,1.85533,1.59013,3.03224,4.5403,7.19877,1.19148,0.67236,0.92814,9.45975,6.15854
2/26/2026,4101.6,-0.81,1.46,-0.5,-0.24,-1.62,-2.48,0.13,0.59,-3.5,1.83,0.87,0,-2.47,-0.37,-2.98,-2.87,-1.13,-0.38,-3.49,-1.66,-4.33,-1.67,-0.25,0.65,0.49,-6.08,-2.58,-1.8,-0.75,-2.98,1.89,1.23,1.01,0.48,-1.89,0.9128,1.9083,2.41477,1.78637,1.46571,2.10692,0.43839,1.1498,6.21299,2.78099,6.94658,1.95278,0.69881,2.12983,1.90626,6.93474,1.34259,1.4239,1.27938,1.26911,5.12317,3.29523,4.69452,1.759,1.44003,1.85533,1.59013,3.03224,4.5403,7.19877,1.19148,0.67236,0.92814,9.45975,6.15854
2/27/2026,4128.36,-0.05,1.44,1.92,1.03,0.04,-0.72,-2.68,-2.5,0.29,2.52,-2.23,1.05,-1.21,1.67,-3.08,2.17,-0.63,-0.69,0.36,-0.08,0.17,-0.34,-3.51,4.71,1.17,2.66,0.22,-4.43,0.19,2,0.89,-1.5,-1.36,0.57,1.51,0.9128,1.9083,2.41477,1.78637,1.46571,2.10692,0.43839,1.1498,6.21299,2.78099,6.94658,1.95278,0.69881,2.12983,1.90626,6.93474,1.34259,1.4239,1.27938,1.26911,5.12317,3.29523,4.69452,1.759,1.44003,1.85533,1.59013,3.03224,4.5403,7.19877,1.19148,0.67236,0.92814,9.45975,6.15854
3/2/2026,4318.5,2.45,4.4,5.87,3.85,0.88,9.32,8.49,11.07,5.12,5.63,5.83,2.28,3.56,9.54,5.6,4.1,3.98,10.55,8.55,7.01,4.52,10.8,11.87,10.11,2.7,0.53,5.76,-0.45,5.81,3.43,5.35,3.17,5.14,-1.41,4.57,0.9128,1.9083,2.41477,1.78637,1.46571,2.10692,0.43839,1.1498,6.21299,2.78099,6.94658,1.95278,0.69881,2.12983,1.90626,6.93474,1.34259,1.4239,1.27938,1.26911,5.12317,3.29523,4.69452,1.759,1.44003,1.85533,1.59013,3.03224,4.5403,7.19877,1.19148,0.67236,0.92814,9.45975,6.15854
3/4/2026,4309.68,0.19,2.66,2.16,2.38,-3.46,4.54,1.97,-2.04,-2.33,4.97,0.18,-1.49,-1.08,3.16,-2.24,-1.27,1.09,3.9,3.64,1.15,-1.39,-3.3,0.41,-7.13,7.38,-1.82,1.92,-0.93,4.43,-2.08,2.26,2.01,-0.41,-3.82,-5.8,,,,,,,,,,,,,,,,,,,,,,,,,,,,,,,,,,,
